-1.217411,-11.01,0.007724524,-0.9674108,-10.01,0.007724524,-1.467411,-10.01,0.007724524,
-4.05372,-10.17779,-0.445616,-0.9674108,-10.01,0.007724524,-1.467411,-10.01,0.007724524,
-4.053664,-10.17801,-0.4450293,-1.217411,-11.01,0.007724524,-1.217411,-11.01,0.007724524,
-4.053758,-10.17794,-0.4453733,-1.217411,-11.01,0.007724524,-1.217411,-11.01,0.007724524,
-4.053802,-10.1777,-0.4454374,-1.217411,-11.01,0.007724524,-1.217411,-11.01,0.007724524,
-4.053709,-10.17751,-0.4457164,-1.217411,-11.01,0.007724524,-1.217411,-11.01,0.007724524,
-4.053761,-10.17742,-0.4457839,-1.217411,-11.01,0.007724524,-1.217411,-11.01,0.007724524,
-4.053742,-10.17744,-0.4458363,-1.217411,-11.01,0.007724524,-1.217411,-11.01,0.007724524,
-4.05377,-10.17744,-0.4458652,-1.217411,-11.01,0.007724524,-1.217411,-11.01,0.007724524,
-4.053798,-10.17746,-0.4459052,-1.217411,-11.01,0.007724524,-1.217411,-11.01,0.007724524,
-4.053797,-10.1774,-0.4460869,-1.217411,-11.01,0.007724524,-1.217411,-11.01,0.007724524,
-4.053768,-10.17736,-0.4460886,-1.217411,-11.01,0.007724524,-1.217411,-11.01,0.007724524,
-4.053692,-10.17731,-0.4460938,-1.217411,-11.01,0.007724524,-1.217411,-11.01,0.007724524,
-4.053691,-10.17735,-0.4458864,-1.217411,-11.01,0.007724524,-1.217411,-11.01,0.007724524,
-4.053734,-10.1774,-0.4459774,-1.217411,-11.01,0.007724524,-1.217411,-11.01,0.007724524,
-4.053711,-10.17736,-0.4459548,-1.217411,-11.01,0.007724524,-1.217411,-11.01,0.007724524,
-4.053653,-10.17737,-0.4458821,-1.217411,-11.01,0.007724524,-1.217411,-11.01,0.007724524,
-4.053723,-10.1773,-0.4459705,-1.217411,-11.01,0.007724524,-1.217411,-11.01,0.007724524,
-4.053778,-10.17729,-0.4461122,-1.217411,-11.01,0.007724524,-1.217411,-11.01,0.007724524,
-4.053782,-10.17731,-0.4462504,-1.217411,-11.01,0.007724524,-1.217411,-11.01,0.007724524,
-4.053813,-10.17734,-0.4463546,-1.217411,-11.01,0.007724524,-1.217411,-11.01,0.007724524,
-4.053682,-10.17729,-0.4464533,-1.217411,-11.01,0.007724524,-1.217411,-11.01,0.007724524,
Position_HeadSet_x,Position_HeadSet_y,Position_HeadSet_z,Position_Right_x,Position_Right_y,Position_Right_z,Position_Left_x,Position_Left_y,Position_Left_z,E,R,A
-4.053713,-10.1774,-0.4463975,-1.217411,-11.01,0.007724524,-1.217411,-11.01,0.007724524,(-1.42, -10.50, 1.09),(-2.44, -9.94, 0.23),(-1.93, -9.60, 0.23),
-4.053708,-10.17741,-0.4464405,-1.217411,-11.01,0.007724524,-1.217411,-11.01,0.007724524,(-1.42, -10.51, 1.09),(-2.44, -9.94, 0.23),(-1.93, -9.59, 0.23),
-4.053646,-10.17743,-0.4462707,-1.217411,-11.01,0.007724524,-1.217411,-11.01,0.007724524,(-1.42, -10.51, 1.09),(-2.44, -9.94, 0.23),(-1.93, -9.59, 0.23),
-4.053656,-10.1775,-0.4460042,-1.217411,-11.01,0.007724524,-1.217411,-11.01,0.007724524,(-1.42, -10.51, 1.09),(-2.44, -9.94, 0.23),(-1.93, -9.59, 0.23),
-4.053629,-10.1775,-0.4459863,-1.217411,-11.01,0.007724524,-1.217411,-11.01,0.007724524,(-1.42, -10.51, 1.09),(-2.44, -9.94, 0.23),(-1.93, -9.59, 0.23),
-4.053681,-10.17755,-0.4458632,-1.217411,-11.01,0.007724524,-1.217411,-11.01,0.007724524,(-1.42, -10.51, 1.09),(-2.44, -9.94, 0.23),(-1.93, -9.59, 0.23),
-4.053758,-10.17763,-0.445914,-1.217411,-11.01,0.007724524,-1.217411,-11.01,0.007724524,(-1.42, -10.51, 1.09),(-2.44, -9.94, 0.23),(-1.93, -9.59, 0.23),
-4.053688,-10.17764,-0.4459589,-1.217411,-11.01,0.007724524,-1.217411,-11.01,0.007724524,(-1.42, -10.51, 1.09),(-2.44, -9.95, 0.23),(-1.93, -9.59, 0.23),
-4.053632,-10.17767,-0.4459193,-1.217411,-11.01,0.007724524,-1.217411,-11.01,0.007724524,(-1.42, -10.51, 1.09),(-2.44, -9.95, 0.23),(-1.93, -9.59, 0.23),
-4.053683,-10.1777,-0.4458728,-1.217411,-11.01,0.007724524,-1.217411,-11.01,0.007724524,(-1.42, -10.51, 1.09),(-2.44, -9.95, 0.23),(-1.93, -9.59, 0.23),
-4.05367,-10.17772,-0.4457643,-1.217411,-11.01,0.007724524,-1.217411,-11.01,0.007724524,(-1.42, -10.51, 1.09),(-2.44, -9.95, 0.23),(-1.93, -9.59, 0.23),
-4.053718,-10.17777,-0.4455776,-1.217411,-11.01,0.007724524,-1.217411,-11.01,0.007724524,(-1.42, -10.51, 1.09),(-2.44, -9.95, 0.23),(-1.93, -9.59, 0.23),
-4.053697,-10.17781,-0.4455917,-1.217411,-11.01,0.007724524,-1.217411,-11.01,0.007724524,(-1.42, -10.51, 1.09),(-2.44, -9.95, 0.23),(-1.93, -9.59, 0.23),
-4.053679,-10.17778,-0.4458585,-1.217411,-11.01,0.007724524,-1.217411,-11.01,0.007724524,(-1.42, -10.50, 1.09),(-2.44, -9.95, 0.23),(-1.93, -9.59, 0.23),
-4.053671,-10.17788,-0.4458621,-1.217411,-11.01,0.007724524,-1.217411,-11.01,0.007724524,(-1.42, -10.50, 1.09),(-2.44, -9.95, 0.23),(-1.93, -9.59, 0.23),
-4.053598,-10.17788,-0.4457476,-1.217411,-11.01,0.007724524,-1.217411,-11.01,0.007724524,(-1.42, -10.50, 1.09),(-2.44, -9.95, 0.23),(-1.93, -9.59, 0.23),
-4.053637,-10.17788,-0.4456067,-1.217411,-11.01,0.007724524,-1.217411,-11.01,0.007724524,(-1.42, -10.50, 1.09),(-2.44, -9.95, 0.23),(-1.93, -9.59, 0.23),
-4.053682,-10.17802,-0.4452131,-1.217411,-11.01,0.007724524,-1.217411,-11.01,0.007724524,(-1.42, -10.50, 1.09),(-2.44, -9.95, 0.23),(-1.93, -9.59, 0.23),
-4.053661,-10.17807,-0.4451907,-1.217411,-11.01,0.007724524,-1.217411,-11.01,0.007724524,(-1.42, -10.50, 1.09),(-2.44, -9.95, 0.23),(-1.93, -9.59, 0.23),
-4.053637,-10.17807,-0.4451892,-1.217411,-11.01,0.007724524,-1.217411,-11.01,0.007724524,(-1.42, -10.50, 1.09),(-2.44, -9.95, 0.23),(-1.93, -9.60, 0.23),
-4.053657,-10.17811,-0.4450488,-1.217411,-11.01,0.007724524,-1.217411,-11.01,0.007724524,(-1.42, -10.50, 1.09),(-2.44, -9.95, 0.23),(-1.93, -9.60, 0.23),
-4.053758,-10.17812,-0.4450538,-1.217411,-11.01,0.007724524,-1.217411,-11.01,0.007724524,(-1.42, -10.50, 1.09),(-2.44, -9.95, 0.23),(-1.93, -9.60, 0.23),
-4.053765,-10.17812,-0.4449325,-1.217411,-11.01,0.007724524,-1.217411,-11.01,0.007724524,(-1.42, -10.50, 1.09),(-2.44, -9.95, 0.23),(-1.93, -9.60, 0.23),
-4.053718,-10.17813,-0.4448683,-1.217411,-11.01,0.007724524,-1.217411,-11.01,0.007724524,(-1.42, -10.50, 1.09),(-2.44, -9.95, 0.23),(-1.93, -9.60, 0.23),
-4.053694,-10.17813,-0.4448557,-1.217411,-11.01,0.007724524,-1.217411,-11.01,0.007724524,(-1.42, -10.50, 1.09),(-2.44, -9.95, 0.23),(-1.93, -9.60, 0.23),
-4.053661,-10.17809,-0.4448655,-1.217411,-11.01,0.007724524,-1.217411,-11.01,0.007724524,(-1.42, -10.49, 1.09),(-2.44, -9.95, 0.23),(-1.93, -9.60, 0.23),
-4.053596,-10.17808,-0.445014,-1.217411,-11.01,0.007724524,-1.217411,-11.01,0.007724524,(-1.42, -10.49, 1.09),(-2.44, -9.95, 0.23),(-1.93, -9.60, 0.23),
-4.053619,-10.17814,-0.4449368,-1.217411,-11.01,0.007724524,-1.217411,-11.01,0.007724524,(-1.42, -10.49, 1.09),(-2.44, -9.95, 0.23),(-1.93, -9.60, 0.23),
-4.053647,-10.17812,-0.4452813,-1.217411,-11.01,0.007724524,-1.217411,-11.01,0.007724524,(-1.42, -10.49, 1.09),(-2.44, -9.95, 0.23),(-1.93, -9.60, 0.23),
-4.053672,-10.1781,-0.4452777,-1.217411,-11.01,0.007724524,-1.217411,-11.01,0.007724524,(-1.42, -10.49, 1.09),(-2.44, -9.95, 0.23),(-1.93, -9.60, 0.23),
-4.053642,-10.17809,-0.445214,-1.217411,-11.01,0.007724524,-1.217411,-11.01,0.007724524,(-1.42, -10.49, 1.09),(-2.44, -9.95, 0.23),(-1.93, -9.61, 0.23),
-4.053615,-10.17806,-0.4452221,-1.217411,-11.01,0.007724524,-1.217411,-11.01,0.007724524,(-1.42, -10.49, 1.09),(-2.44, -9.95, 0.23),(-1.93, -9.61, 0.23),
-4.053679,-10.17813,-0.445065,-1.217411,-11.01,0.007724524,-1.217411,-11.01,0.007724524,(-1.42, -10.49, 1.09),(-2.44, -9.95, 0.23),(-1.93, -9.61, 0.23),
-4.05369,-10.17816,-0.4451571,-1.217411,-11.01,0.007724524,-1.217411,-11.01,0.007724524,(-1.42, -10.49, 1.09),(-2.44, -9.95, 0.23),(-1.93, -9.61, 0.23),
-4.053773,-10.17818,-0.4451871,-1.217411,-11.01,0.007724524,-1.217411,-11.01,0.007724524,(-1.42, -10.49, 1.09),(-2.44, -9.95, 0.23),(-1.93, -9.61, 0.23),
-4.053793,-10.17822,-0.4451928,-1.217411,-11.01,0.007724524,-1.217411,-11.01,0.007724524,(-1.42, -10.50, 1.09),(-2.44, -9.95, 0.23),(-1.93, -9.61, 0.23),
-4.05375,-10.17822,-0.4450314,-1.217411,-11.01,0.007724524,-1.217411,-11.01,0.007724524,(-1.42, -10.50, 1.09),(-2.44, -9.95, 0.23),(-1.93, -9.61, 0.23),
-4.053713,-10.17815,-0.4450796,-1.217411,-11.01,0.007724524,-1.217411,-11.01,0.007724524,(-1.42, -10.50, 1.09),(-2.44, -9.95, 0.23),(-1.93, -9.61, 0.23),
-4.053756,-10.17824,-0.4449489,-1.217411,-11.01,0.007724524,-1.217411,-11.01,0.007724524,(-1.42, -10.50, 1.09),(-2.44, -9.95, 0.23),(-1.93, -9.61, 0.23),
-4.053779,-10.17835,-0.4450057,-1.217411,-11.01,0.007724524,-1.217411,-11.01,0.007724524,(-1.42, -10.50, 1.09),(-2.44, -9.94, 0.23),(-1.93, -9.61, 0.23),
-4.05373,-10.17833,-0.4451153,-1.217411,-11.01,0.007724524,-1.217411,-11.01,0.007724524,(-1.42, -10.50, 1.09),(-2.44, -9.94, 0.23),(-1.93, -9.61, 0.23),
-4.053728,-10.17837,-0.4451816,-1.217411,-11.01,0.007724524,-1.217411,-11.01,0.007724524,(-1.42, -10.50, 1.09),(-2.44, -9.94, 0.23),(-1.93, -9.61, 0.23),
-4.053612,-10.17828,-0.4452243,-1.217411,-11.01,0.007724524,-1.217411,-11.01,0.007724524,(-1.42, -10.50, 1.09),(-2.44, -9.94, 0.23),(-1.93, -9.61, 0.23),
-4.053618,-10.17829,-0.4452002,-1.217411,-11.01,0.007724524,-1.217411,-11.01,0.007724524,(-1.42, -10.50, 1.09),(-2.44, -9.94, 0.23),(-1.93, -9.61, 0.23),
-4.05355,-10.1783,-0.444994,-1.217411,-11.01,0.007724524,-1.217411,-11.01,0.007724524,(-1.42, -10.50, 1.09),(-2.44, -9.94, 0.23),(-1.93, -9.61, 0.23),
-4.053579,-10.17835,-0.444736,-1.217411,-11.01,0.007724524,-1.217411,-11.01,0.007724524,(-1.42, -10.50, 1.09),(-2.44, -9.94, 0.23),(-1.93, -9.61, 0.23),
-4.053652,-10.17838,-0.4445722,-1.217411,-11.01,0.007724524,-1.217411,-11.01,0.007724524,(-1.42, -10.50, 1.09),(-2.44, -9.94, 0.23),(-1.93, -9.61, 0.23),
-4.053638,-10.17838,-0.4445016,-1.217411,-11.01,0.007724524,-1.217411,-11.01,0.007724524,(-1.42, -10.50, 1.09),(-2.44, -9.94, 0.23),(-1.93, -9.61, 0.23),
-4.053606,-10.17833,-0.4444888,-1.217411,-11.01,0.007724524,-1.217411,-11.01,0.007724524,(-1.42, -10.50, 1.09),(-2.44, -9.94, 0.23),(-1.93, -9.61, 0.23),
-4.05359,-10.17842,-0.4443591,-1.217411,-11.01,0.007724524,-1.217411,-11.01,0.007724524,(-1.42, -10.50, 1.09),(-2.44, -9.94, 0.23),(-1.93, -9.61, 0.23),
-4.053621,-10.17843,-0.4443455,-1.217411,-11.01,0.007724524,-1.217411,-11.01,0.007724524,(-1.42, -10.50, 1.09),(-2.44, -9.94, 0.23),(-1.93, -9.61, 0.23),
-4.053657,-10.17856,-0.4443302,-1.217411,-11.01,0.007724524,-1.217411,-11.01,0.007724524,(-1.42, -10.50, 1.09),(-2.44, -9.94, 0.23),(-1.93, -9.61, 0.23),
-4.053566,-10.17853,-0.4444869,-1.217411,-11.01,0.007724524,-1.217411,-11.01,0.007724524,(-1.42, -10.50, 1.09),(-2.44, -9.94, 0.23),(-1.93, -9.61, 0.23),
-4.053519,-10.17857,-0.444396,-1.217411,-11.01,0.007724524,-1.217411,-11.01,0.007724524,(-1.42, -10.51, 1.09),(-2.44, -9.94, 0.23),(-1.93, -9.61, 0.23),
-4.05361,-10.17867,-0.4443386,-1.217411,-11.01,0.007724524,-1.217411,-11.01,0.007724524,(-1.42, -10.51, 1.09),(-2.44, -9.94, 0.23),(-1.93, -9.61, 0.23),
-4.053663,-10.17869,-0.444272,-1.217411,-11.01,0.007724524,-1.217411,-11.01,0.007724524,(-1.42, -10.51, 1.09),(-2.44, -9.94, 0.23),(-1.93, -9.60, 0.23),
-4.053709,-10.17872,-0.4444237,-1.217411,-11.01,0.007724524,-1.217411,-11.01,0.007724524,(-1.42, -10.51, 1.09),(-2.44, -9.93, 0.23),(-1.93, -9.60, 0.23),
-4.053729,-10.17868,-0.4444196,-1.217411,-11.01,0.007724524,-1.217411,-11.01,0.007724524,(-1.42, -10.51, 1.09),(-2.44, -9.93, 0.23),(-1.93, -9.60, 0.23),
-4.053683,-10.17864,-0.4444623,-1.217411,-11.01,0.007724524,-1.217411,-11.01,0.007724524,(-1.42, -10.51, 1.09),(-2.44, -9.93, 0.23),(-1.93, -9.60, 0.23),
-4.053658,-10.17867,-0.4442852,-1.217411,-11.01,0.007724524,-1.217411,-11.01,0.007724524,(-1.42, -10.51, 1.09),(-2.44, -9.93, 0.23),(-1.93, -9.60, 0.23),
-4.053748,-10.17862,-0.4445128,-1.217411,-11.01,0.007724524,-1.217411,-11.01,0.007724524,(-1.42, -10.51, 1.09),(-2.44, -9.93, 0.23),(-1.93, -9.60, 0.23),
-4.053806,-10.17872,-0.4443665,-1.217411,-11.01,0.007724524,-1.217411,-11.01,0.007724524,(-1.42, -10.51, 1.09),(-2.44, -9.93, 0.23),(-1.93, -9.60, 0.23),
-4.053785,-10.17875,-0.4441321,-1.217411,-11.01,0.007724524,-1.217411,-11.01,0.007724524,(-1.42, -10.51, 1.09),(-2.44, -9.93, 0.23),(-1.93, -9.60, 0.23),
-4.053774,-10.17869,-0.4441631,-1.217411,-11.01,0.007724524,-1.217411,-11.01,0.007724524,(-1.42, -10.51, 1.09),(-2.44, -9.93, 0.23),(-1.93, -9.60, 0.23),
-4.053736,-10.17872,-0.4442356,-1.217411,-11.01,0.007724524,-1.217411,-11.01,0.007724524,(-1.42, -10.51, 1.09),(-2.44, -9.93, 0.23),(-1.93, -9.60, 0.23),
-4.053729,-10.17872,-0.4440939,-1.217411,-11.01,0.007724524,-1.217411,-11.01,0.007724524,(-1.42, -10.51, 1.09),(-2.44, -9.93, 0.23),(-1.93, -9.60, 0.23),
-4.053734,-10.17873,-0.4440413,-1.217411,-11.01,0.007724524,-1.217411,-11.01,0.007724524,(-1.42, -10.51, 1.09),(-2.44, -9.93, 0.23),(-1.93, -9.60, 0.23),
-4.053692,-10.17873,-0.4439547,-1.217411,-11.01,0.007724524,-1.217411,-11.01,0.007724524,(-1.42, -10.51, 1.09),(-2.44, -9.93, 0.23),(-1.93, -9.60, 0.23),
-4.053709,-10.17866,-0.444114,-1.217411,-11.01,0.007724524,-1.217411,-11.01,0.007724524,(-1.42, -10.51, 1.09),(-2.44, -9.93, 0.23),(-1.93, -9.60, 0.23),
-4.053581,-10.17853,-0.4443481,-1.217411,-11.01,0.007724524,-1.217411,-11.01,0.007724524,(-1.42, -10.51, 1.09),(-2.44, -9.94, 0.23),(-1.93, -9.59, 0.23),
-4.053589,-10.17849,-0.4443991,-1.217411,-11.01,0.007724524,-1.217411,-11.01,0.007724524,(-1.42, -10.51, 1.09),(-2.44, -9.94, 0.23),(-1.93, -9.59, 0.23),
-4.053572,-10.17844,-0.4444342,-1.217411,-11.01,0.007724524,-1.217411,-11.01,0.007724524,(-1.42, -10.51, 1.09),(-2.44, -9.94, 0.23),(-1.93, -9.59, 0.23),
-4.053539,-10.17857,-0.4445288,-1.217411,-11.01,0.007724524,-1.217411,-11.01,0.007724524,(-1.42, -10.51, 1.09),(-2.44, -9.94, 0.23),(-1.93, -9.59, 0.23),
-4.053635,-10.17863,-0.4445517,-1.217411,-11.01,0.007724524,-1.217411,-11.01,0.007724524,(-1.42, -10.51, 1.09),(-2.44, -9.94, 0.23),(-1.93, -9.59, 0.23),
-4.053679,-10.17866,-0.444535,-1.217411,-11.01,0.007724524,-1.217411,-11.01,0.007724524,(-1.42, -10.51, 1.09),(-2.44, -9.94, 0.23),(-1.93, -9.59, 0.23),
-4.053672,-10.17863,-0.4445393,-1.217411,-11.01,0.007724524,-1.217411,-11.01,0.007724524,(-1.42, -10.51, 1.09),(-2.44, -9.94, 0.23),(-1.93, -9.59, 0.23),
-4.053615,-10.17859,-0.4444191,-1.217411,-11.01,0.007724524,-1.217411,-11.01,0.007724524,(-1.42, -10.51, 1.09),(-2.44, -9.94, 0.23),(-1.93, -9.59, 0.23),
-4.053658,-10.17861,-0.4442761,-1.217411,-11.01,0.007724524,-1.217411,-11.01,0.007724524,(-1.42, -10.51, 1.09),(-2.44, -9.94, 0.23),(-1.93, -9.59, 0.23),
-4.053655,-10.17865,-0.4441347,-1.217411,-11.01,0.007724524,-1.217411,-11.01,0.007724524,(-1.42, -10.51, 1.09),(-2.44, -9.94, 0.23),(-1.93, -9.59, 0.23),
-4.053701,-10.17854,-0.4442828,-1.217411,-11.01,0.007724524,-1.217411,-11.01,0.007724524,(-1.42, -10.51, 1.09),(-2.44, -9.94, 0.23),(-1.93, -9.59, 0.23),
-4.053694,-10.17856,-0.4441726,-1.217411,-11.01,0.007724524,-1.217411,-11.01,0.007724524,(-1.42, -10.51, 1.09),(-2.44, -9.94, 0.23),(-1.93, -9.59, 0.23),
-4.05371,-10.17851,-0.4444363,-1.217411,-11.01,0.007724524,-1.217411,-11.01,0.007724524,(-1.42, -10.51, 1.09),(-2.44, -9.94, 0.23),(-1.93, -9.59, 0.23),
-4.053645,-10.17849,-0.4444978,-1.217411,-11.01,0.007724524,-1.217411,-11.01,0.007724524,(-1.42, -10.51, 1.09),(-2.44, -9.94, 0.23),(-1.93, -9.59, 0.23),
-4.053607,-10.17852,-0.4444623,-1.217411,-11.01,0.007724524,-1.217411,-11.01,0.007724524,(-1.42, -10.51, 1.09),(-2.44, -9.94, 0.23),(-1.93, -9.59, 0.23),
-4.053693,-10.1784,-0.4447346,-1.217411,-11.01,0.007724524,-1.217411,-11.01,0.007724524,(-1.42, -10.51, 1.09),(-2.44, -9.95, 0.23),(-1.93, -9.59, 0.23),
-4.053688,-10.17838,-0.444818,-1.217411,-11.01,0.007724524,-1.217411,-11.01,0.007724524,(-1.42, -10.51, 1.09),(-2.44, -9.95, 0.23),(-1.93, -9.59, 0.23),
-4.053681,-10.17844,-0.4448721,-1.217411,-11.01,0.007724524,-1.217411,-11.01,0.007724524,(-1.42, -10.51, 1.09),(-2.44, -9.95, 0.23),(-1.93, -9.59, 0.23),
-4.053653,-10.17849,-0.4446788,-1.217411,-11.01,0.007724524,-1.217411,-11.01,0.007724524,(-1.42, -10.51, 1.09),(-2.44, -9.95, 0.23),(-1.93, -9.59, 0.23),
-4.053676,-10.17847,-0.4446323,-1.217411,-11.01,0.007724524,-1.217411,-11.01,0.007724524,(-1.42, -10.51, 1.09),(-2.44, -9.95, 0.23),(-1.93, -9.59, 0.23),
-4.053718,-10.17849,-0.4447591,-1.217411,-11.01,0.007724524,-1.217411,-11.01,0.007724524,(-1.42, -10.51, 1.09),(-2.44, -9.95, 0.23),(-1.93, -9.59, 0.23),
-4.053645,-10.17841,-0.4445961,-1.217411,-11.01,0.007724524,-1.217411,-11.01,0.007724524,(-1.42, -10.51, 1.09),(-2.44, -9.95, 0.23),(-1.93, -9.59, 0.23),
-4.053607,-10.17831,-0.4446855,-1.217411,-11.01,0.007724524,-1.217411,-11.01,0.007724524,(-1.42, -10.51, 1.09),(-2.44, -9.95, 0.23),(-1.93, -9.59, 0.23),
-4.053594,-10.17831,-0.4446328,-1.217411,-11.01,0.007724524,-1.217411,-11.01,0.007724524,(-1.42, -10.50, 1.09),(-2.44, -9.95, 0.23),(-1.93, -9.59, 0.23),
-4.053638,-10.17834,-0.4445176,-1.217411,-11.01,0.007724524,-1.217411,-11.01,0.007724524,(-1.42, -10.50, 1.09),(-2.44, -9.95, 0.23),(-1.93, -9.59, 0.23),
-4.05362,-10.17828,-0.4446366,-1.217411,-11.01,0.007724524,-1.217411,-11.01,0.007724524,(-1.42, -10.50, 1.09),(-2.44, -9.95, 0.23),(-1.93, -9.59, 0.23),
-4.053593,-10.17828,-0.4446158,-1.217411,-11.01,0.007724524,-1.217411,-11.01,0.007724524,(-1.42, -10.50, 1.09),(-2.44, -9.95, 0.23),(-1.93, -9.59, 0.23),
-4.053722,-10.17832,-0.4447117,-1.217411,-11.01,0.007724524,-1.217411,-11.01,0.007724524,(-1.42, -10.50, 1.09),(-2.44, -9.95, 0.23),(-1.93, -9.59, 0.23),
-4.053658,-10.17825,-0.4448388,-1.217411,-11.01,0.007724524,-1.217411,-11.01,0.007724524,(-1.42, -10.50, 1.09),(-2.44, -9.95, 0.23),(-1.93, -9.59, 0.23),
-4.053639,-10.17822,-0.4448655,-1.217411,-11.01,0.007724524,-1.217411,-11.01,0.007724524,(-1.42, -10.50, 1.09),(-2.44, -9.95, 0.23),(-1.93, -9.59, 0.23),
-4.053605,-10.17815,-0.444917,-1.217411,-11.01,0.007724524,-1.217411,-11.01,0.007724524,(-1.42, -10.50, 1.09),(-2.44, -9.95, 0.23),(-1.93, -9.59, 0.23),
-4.053645,-10.17805,-0.4450209,-1.217411,-11.01,0.007724524,-1.217411,-11.01,0.007724524,(-1.42, -10.50, 1.09),(-2.44, -9.95, 0.23),(-1.93, -9.60, 0.23),
-4.053638,-10.17805,-0.4449985,-1.217411,-11.01,0.007724524,-1.217411,-11.01,0.007724524,(-1.42, -10.50, 1.09),(-2.44, -9.95, 0.23),(-1.93, -9.60, 0.23),
-4.053658,-10.17815,-0.4448192,-1.217411,-11.01,0.007724524,-1.217411,-11.01,0.007724524,(-1.42, -10.50, 1.09),(-2.44, -9.95, 0.23),(-1.93, -9.60, 0.23),
-4.053588,-10.17798,-0.4450364,-1.217411,-11.01,0.007724524,-1.217411,-11.01,0.007724524,(-1.42, -10.50, 1.09),(-2.44, -9.95, 0.23),(-1.93, -9.60, 0.23),
-4.053585,-10.17796,-0.4450166,-1.217411,-11.01,0.007724524,-1.217411,-11.01,0.007724524,(-1.42, -10.50, 1.09),(-2.44, -9.95, 0.23),(-1.93, -9.60, 0.23),
-4.053638,-10.17799,-0.4450297,-1.217411,-11.01,0.007724524,-1.217411,-11.01,0.007724524,(-1.42, -10.50, 1.09),(-2.44, -9.95, 0.23),(-1.93, -9.60, 0.23),
-4.053706,-10.17796,-0.445154,-1.217411,-11.01,0.007724524,-1.217411,-11.01,0.007724524,(-1.42, -10.50, 1.09),(-2.44, -9.95, 0.23),(-1.93, -9.60, 0.23),
-4.053685,-10.17795,-0.4451535,-1.217411,-11.01,0.007724524,-1.217411,-11.01,0.007724524,(-1.42, -10.50, 1.09),(-2.44, -9.95, 0.23),(-1.93, -9.60, 0.23),
-4.053729,-10.17791,-0.4453716,-1.217411,-11.01,0.007724524,-1.217411,-11.01,0.007724524,(-1.42, -10.50, 1.09),(-2.44, -9.95, 0.23),(-1.93, -9.60, 0.23),
-4.05364,-10.17787,-0.4454587,-1.217411,-11.01,0.007724524,-1.217411,-11.01,0.007724524,(-1.42, -10.50, 1.09),(-2.44, -9.95, 0.23),(-1.93, -9.60, 0.23),
-4.053616,-10.17786,-0.4454746,-1.217411,-11.01,0.007724524,-1.217411,-11.01,0.007724524,(-1.42, -10.49, 1.09),(-2.44, -9.95, 0.23),(-1.93, -9.60, 0.23),
-4.053655,-10.17793,-0.4453118,-1.217411,-11.01,0.007724524,-1.217411,-11.01,0.007724524,(-1.42, -10.49, 1.09),(-2.44, -9.95, 0.23),(-1.93, -9.60, 0.23),
-4.053619,-10.17789,-0.4452579,-1.217411,-11.01,0.007724524,-1.217411,-11.01,0.007724524,(-1.42, -10.49, 1.09),(-2.44, -9.95, 0.23),(-1.93, -9.60, 0.23),
-4.053647,-10.17788,-0.4453013,-1.217411,-11.01,0.007724524,-1.217411,-11.01,0.007724524,(-1.42, -10.49, 1.09),(-2.44, -9.95, 0.23),(-1.93, -9.60, 0.23),
-4.053636,-10.17797,-0.4452469,-1.217411,-11.01,0.007724524,-1.217411,-11.01,0.007724524,(-1.42, -10.49, 1.09),(-2.44, -9.95, 0.23),(-1.93, -9.60, 0.23),
-4.053617,-10.17788,-0.4453566,-1.217411,-11.01,0.007724524,-1.217411,-11.01,0.007724524,(-1.42, -10.49, 1.09),(-2.44, -9.95, 0.23),(-1.93, -9.61, 0.23),
-4.053601,-10.17791,-0.445334,-1.217411,-11.01,0.007724524,-1.217411,-11.01,0.007724524,(-1.42, -10.49, 1.09),(-2.44, -9.95, 0.23),(-1.93, -9.61, 0.23),
-4.053745,-10.17803,-0.4453299,-1.217411,-11.01,0.007724524,-1.217411,-11.01,0.007724524,(-1.42, -10.49, 1.09),(-2.44, -9.95, 0.23),(-1.93, -9.61, 0.23),
-4.053752,-10.17798,-0.4454072,-1.217411,-11.01,0.007724524,-1.217411,-11.01,0.007724524,(-1.42, -10.49, 1.09),(-2.44, -9.95, 0.23),(-1.93, -9.61, 0.23),
-4.053739,-10.17796,-0.445565,-1.217411,-11.01,0.007724524,-1.217411,-11.01,0.007724524,(-1.42, -10.49, 1.09),(-2.44, -9.95, 0.23),(-1.93, -9.61, 0.23),
-4.053788,-10.178,-0.4454134,-1.217411,-11.01,0.007724524,-1.217411,-11.01,0.007724524,(-1.42, -10.49, 1.09),(-2.44, -9.95, 0.23),(-1.93, -9.61, 0.23),
-4.053792,-10.17802,-0.4454093,-1.217411,-11.01,0.007724524,-1.217411,-11.01,0.007724524,(-1.42, -10.50, 1.09),(-2.44, -9.95, 0.23),(-1.93, -9.61, 0.23),
-4.053822,-10.17805,-0.4454052,-1.217411,-11.01,0.007724524,-1.217411,-11.01,0.007724524,(-1.42, -10.50, 1.09),(-2.44, -9.95, 0.23),(-1.93, -9.61, 0.23),
-4.053721,-10.17799,-0.445395,-1.217411,-11.01,0.007724524,-1.217411,-11.01,0.007724524,(-1.42, -10.50, 1.09),(-2.44, -9.95, 0.23),(-1.93, -9.61, 0.23),
-4.053643,-10.17796,-0.4455163,-1.217411,-11.01,0.007724524,-1.217411,-11.01,0.007724524,(-1.42, -10.50, 1.09),(-2.44, -9.94, 0.23),(-1.93, -9.61, 0.23),
-4.053593,-10.17793,-0.4454441,-1.217411,-11.01,0.007724524,-1.217411,-11.01,0.007724524,(-1.42, -10.50, 1.09),(-2.44, -9.94, 0.23),(-1.93, -9.61, 0.23),
-4.053642,-10.17791,-0.4455338,-1.217411,-11.01,0.007724524,-1.217411,-11.01,0.007724524,(-1.42, -10.50, 1.09),(-2.44, -9.94, 0.23),(-1.93, -9.61, 0.23),
-4.053673,-10.17801,-0.4453857,-1.217411,-11.01,0.007724524,-1.217411,-11.01,0.007724524,(-1.42, -10.50, 1.09),(-2.44, -9.94, 0.23),(-1.93, -9.61, 0.23),
-4.053699,-10.17798,-0.4454901,-1.217411,-11.01,0.007724524,-1.217411,-11.01,0.007724524,(-1.42, -10.50, 1.09),(-2.44, -9.94, 0.23),(-1.93, -9.61, 0.23),
-4.053645,-10.17795,-0.4453499,-1.217411,-11.01,0.007724524,-1.217411,-11.01,0.007724524,(-1.42, -10.50, 1.09),(-2.44, -9.94, 0.23),(-1.93, -9.61, 0.23),
-4.0537,-10.17799,-0.4451814,-1.217411,-11.01,0.007724524,-1.217411,-11.01,0.007724524,(-1.42, -10.50, 1.09),(-2.44, -9.94, 0.23),(-1.93, -9.61, 0.23),
-4.053669,-10.17801,-0.4450943,-1.217411,-11.01,0.007724524,-1.217411,-11.01,0.007724524,(-1.42, -10.50, 1.09),(-2.44, -9.94, 0.23),(-1.93, -9.61, 0.23),
-4.053683,-10.17796,-0.4453914,-1.217411,-11.01,0.007724524,-1.217411,-11.01,0.007724524,(-1.42, -10.50, 1.09),(-2.44, -9.94, 0.23),(-1.93, -9.61, 0.23),
-4.053739,-10.17802,-0.4452822,-1.217411,-11.01,0.007724524,-1.217411,-11.01,0.007724524,(-1.42, -10.50, 1.09),(-2.44, -9.94, 0.23),(-1.93, -9.61, 0.23),
-4.053689,-10.17801,-0.4451663,-1.217411,-11.01,0.007724524,-1.217411,-11.01,0.007724524,(-1.42, -10.50, 1.09),(-2.44, -9.94, 0.23),(-1.93, -9.61, 0.23),
-4.053694,-10.17797,-0.445286,-1.217411,-11.01,0.007724524,-1.217411,-11.01,0.007724524,(-1.42, -10.50, 1.09),(-2.44, -9.94, 0.23),(-1.93, -9.61, 0.23),
-4.053699,-10.17787,-0.4452622,-1.217411,-11.01,0.007724524,-1.217411,-11.01,0.007724524,(-1.42, -10.50, 1.09),(-2.44, -9.94, 0.23),(-1.93, -9.61, 0.23),
-4.053658,-10.17775,-0.4453695,-1.217411,-11.01,0.007724524,-1.217411,-11.01,0.007724524,(-1.42, -10.50, 1.09),(-2.44, -9.94, 0.23),(-1.93, -9.61, 0.23),
-4.053663,-10.1777,-0.4454982,-1.217411,-11.01,0.007724524,-1.217411,-11.01,0.007724524,(-1.42, -10.51, 1.09),(-2.44, -9.94, 0.23),(-1.93, -9.61, 0.23),
-4.053704,-10.17762,-0.4456069,-1.217411,-11.01,0.007724524,-1.217411,-11.01,0.007724524,(-1.42, -10.51, 1.09),(-2.44, -9.94, 0.23),(-1.93, -9.61, 0.23),
-4.053655,-10.17753,-0.4457748,-1.217411,-11.01,0.007724524,-1.217411,-11.01,0.007724524,(-1.42, -10.51, 1.09),(-2.44, -9.94, 0.23),(-1.93, -9.60, 0.23),
-4.053664,-10.1775,-0.4458735,-1.217411,-11.01,0.007724524,-1.217411,-11.01,0.007724524,(-1.42, -10.51, 1.09),(-2.44, -9.93, 0.23),(-1.93, -9.60, 0.23),
-4.053587,-10.17748,-0.4459484,-1.217411,-11.01,0.007724524,-1.217411,-11.01,0.007724524,(-1.42, -10.51, 1.09),(-2.44, -9.93, 0.23),(-1.93, -9.60, 0.23),
-4.053614,-10.17753,-0.4458325,-1.217411,-11.01,0.007724524,-1.217411,-11.01,0.007724524,(-1.42, -10.51, 1.09),(-2.44, -9.93, 0.23),(-1.93, -9.60, 0.23),
-4.053597,-10.17753,-0.445924,-1.217411,-11.01,0.007724524,-1.217411,-11.01,0.007724524,(-1.42, -10.51, 1.09),(-2.44, -9.93, 0.23),(-1.93, -9.60, 0.23),
-4.053658,-10.17763,-0.4457991,-1.217411,-11.01,0.007724524,-1.217411,-11.01,0.007724524,(-1.42, -10.51, 1.09),(-2.44, -9.93, 0.23),(-1.93, -9.60, 0.23),
-4.053713,-10.17761,-0.4459417,-1.217411,-11.01,0.007724524,-1.217411,-11.01,0.007724524,(-1.42, -10.51, 1.09),(-2.44, -9.93, 0.23),(-1.93, -9.60, 0.23),
-4.053729,-10.17764,-0.4459403,-1.217411,-11.01,0.007724524,-1.217411,-11.01,0.007724524,(-1.42, -10.51, 1.09),(-2.44, -9.93, 0.23),(-1.93, -9.60, 0.23),
-4.053725,-10.17761,-0.4458873,-1.217411,-11.01,0.007724524,-1.217411,-11.01,0.007724524,(-1.42, -10.51, 1.09),(-2.44, -9.93, 0.23),(-1.93, -9.60, 0.23),
-4.053735,-10.17758,-0.4458544,-1.217411,-11.01,0.007724524,-1.217411,-11.01,0.007724524,(-1.42, -10.51, 1.09),(-2.44, -9.93, 0.23),(-1.93, -9.60, 0.23),
-4.053768,-10.17761,-0.4457777,-1.217411,-11.01,0.007724524,-1.217411,-11.01,0.007724524,(-1.42, -10.51, 1.09),(-2.44, -9.93, 0.23),(-1.93, -9.60, 0.23),
-4.053799,-10.1776,-0.4458103,-1.217411,-11.01,0.007724524,-1.217411,-11.01,0.007724524,(-1.42, -10.51, 1.09),(-2.44, -9.93, 0.23),(-1.93, -9.60, 0.23),
-4.05377,-10.17758,-0.4457486,-1.217411,-11.01,0.007724524,-1.217411,-11.01,0.007724524,(-1.42, -10.51, 1.09),(-2.44, -9.93, 0.23),(-1.93, -9.60, 0.23),
-4.053782,-10.17752,-0.4457982,-1.217411,-11.01,0.007724524,-1.217411,-11.01,0.007724524,(-1.42, -10.51, 1.09),(-2.44, -9.93, 0.23),(-1.93, -9.60, 0.23),
-4.053796,-10.17752,-0.4458275,-1.217411,-11.01,0.007724524,-1.217411,-11.01,0.007724524,(-1.42, -10.51, 1.09),(-2.44, -9.93, 0.23),(-1.93, -9.59, 0.23),
-4.053819,-10.17748,-0.4459953,-1.217411,-11.01,0.007724524,-1.217411,-11.01,0.007724524,(-1.42, -10.51, 1.09),(-2.44, -9.94, 0.23),(-1.93, -9.59, 0.23),
-4.053804,-10.17748,-0.4458554,-1.217411,-11.01,0.007724524,-1.217411,-11.01,0.007724524,(-1.42, -10.51, 1.09),(-2.44, -9.94, 0.23),(-1.93, -9.59, 0.23),
-4.053781,-10.17747,-0.4458089,-1.217411,-11.01,0.007724524,-1.217411,-11.01,0.007724524,(-1.42, -10.51, 1.09),(-2.44, -9.94, 0.23),(-1.93, -9.59, 0.23),
-4.053782,-10.17746,-0.4458649,-1.217411,-11.01,0.007724524,-1.217411,-11.01,0.007724524,(-1.42, -10.51, 1.09),(-2.44, -9.94, 0.23),(-1.93, -9.59, 0.23),
-4.053646,-10.17741,-0.44609,-1.217411,-11.01,0.007724524,-1.217411,-11.01,0.007724524,(-1.42, -10.51, 1.09),(-2.44, -9.94, 0.23),(-1.93, -9.59, 0.23),
-4.053641,-10.17743,-0.4461131,-1.217411,-11.01,0.007724524,-1.217411,-11.01,0.007724524,(-1.42, -10.51, 1.09),(-2.44, -9.94, 0.23),(-1.93, -9.59, 0.23),
-4.05362,-10.17741,-0.4460752,-1.217411,-11.01,0.007724524,-1.217411,-11.01,0.007724524,(-1.42, -10.51, 1.09),(-2.44, -9.94, 0.23),(-1.93, -9.59, 0.23),
-4.053594,-10.17743,-0.4461062,-1.217411,-11.01,0.007724524,-1.217411,-11.01,0.007724524,(-1.42, -10.51, 1.09),(-2.44, -9.94, 0.23),(-1.93, -9.59, 0.23),
-4.053655,-10.1776,-0.4458072,-1.217411,-11.01,0.007724524,-1.217411,-11.01,0.007724524,(-1.42, -10.51, 1.09),(-2.44, -9.94, 0.23),(-1.93, -9.59, 0.23),
-4.053647,-10.17764,-0.4457543,-1.217411,-11.01,0.007724524,-1.217411,-11.01,0.007724524,(-1.42, -10.51, 1.09),(-2.44, -9.94, 0.23),(-1.93, -9.59, 0.23),
-4.053734,-10.17773,-0.4455738,-1.217411,-11.01,0.007724524,-1.217411,-11.01,0.007724524,(-1.42, -10.51, 1.09),(-2.44, -9.94, 0.23),(-1.93, -9.59, 0.23),
-4.05375,-10.17771,-0.4456794,-1.217411,-11.01,0.007724524,-1.217411,-11.01,0.007724524,(-1.42, -10.51, 1.09),(-2.44, -9.94, 0.23),(-1.93, -9.59, 0.23),
-4.053822,-10.1778,-0.4456775,-1.217411,-11.01,0.007724524,-1.217411,-11.01,0.007724524,(-1.42, -10.51, 1.09),(-2.44, -9.94, 0.23),(-1.93, -9.59, 0.23),
-4.053813,-10.17787,-0.4456193,-1.217411,-11.01,0.007724524,-1.217411,-11.01,0.007724524,(-1.42, -10.51, 1.09),(-2.44, -9.94, 0.23),(-1.93, -9.59, 0.23),
-4.053811,-10.17786,-0.4455681,-1.217411,-11.01,0.007724524,-1.217411,-11.01,0.007724524,(-1.42, -10.51, 1.09),(-2.44, -9.94, 0.23),(-1.93, -9.59, 0.23),
-4.053754,-10.17781,-0.4455564,-1.217411,-11.01,0.007724524,-1.217411,-11.01,0.007724524,(-1.42, -10.51, 1.09),(-2.44, -9.95, 0.23),(-1.93, -9.59, 0.23),
-4.053685,-10.1778,-0.4456372,-1.217411,-11.01,0.007724524,-1.217411,-11.01,0.007724524,(-1.42, -10.51, 1.09),(-2.44, -9.95, 0.23),(-1.93, -9.59, 0.23),
-4.053701,-10.17782,-0.4456515,-1.217411,-11.01,0.007724524,-1.217411,-11.01,0.007724524,(-1.42, -10.51, 1.09),(-2.44, -9.95, 0.23),(-1.93, -9.59, 0.23),
-4.053692,-10.17785,-0.4456108,-1.217411,-11.01,0.007724524,-1.217411,-11.01,0.007724524,(-1.42, -10.51, 1.09),(-2.44, -9.95, 0.23),(-1.93, -9.59, 0.23),
-4.053743,-10.17797,-0.4454827,-1.217411,-11.01,0.007724524,-1.217411,-11.01,0.007724524,(-1.42, -10.51, 1.09),(-2.44, -9.95, 0.23),(-1.93, -9.59, 0.23),
-4.053761,-10.17806,-0.4455004,-1.217411,-11.01,0.007724524,-1.217411,-11.01,0.007724524,(-1.42, -10.51, 1.09),(-2.44, -9.95, 0.23),(-1.93, -9.59, 0.23),
-4.053772,-10.17806,-0.4455276,-1.217411,-11.01,0.007724524,-1.217411,-11.01,0.007724524,(-1.42, -10.51, 1.09),(-2.44, -9.95, 0.23),(-1.93, -9.59, 0.23),
-4.053794,-10.17815,-0.445461,-1.217411,-11.01,0.007724524,-1.217411,-11.01,0.007724524,(-1.42, -10.51, 1.09),(-2.44, -9.95, 0.23),(-1.93, -9.59, 0.23),
-4.053741,-10.17817,-0.4452727,-1.217411,-11.01,0.007724524,-1.217411,-11.01,0.007724524,(-1.42, -10.50, 1.09),(-2.44, -9.95, 0.23),(-1.93, -9.59, 0.23),
-4.05363,-10.17818,-0.445183,-1.217411,-11.01,0.007724524,-1.217411,-11.01,0.007724524,(-1.42, -10.50, 1.09),(-2.44, -9.95, 0.23),(-1.93, -9.59, 0.23),
-4.053709,-10.1782,-0.4450994,-1.217411,-11.01,0.007724524,-1.217411,-11.01,0.007724524,(-1.42, -10.50, 1.09),(-2.44, -9.95, 0.23),(-1.93, -9.59, 0.23),
-4.053689,-10.1782,-0.4450223,-1.217411,-11.01,0.007724524,-1.217411,-11.01,0.007724524,(-1.42, -10.50, 1.09),(-2.44, -9.95, 0.23),(-1.93, -9.59, 0.23),
-4.053681,-10.17825,-0.4451549,-1.217411,-11.01,0.007724524,-1.217411,-11.01,0.007724524,(-1.42, -10.50, 1.09),(-2.44, -9.95, 0.23),(-1.93, -9.59, 0.23),
-4.053736,-10.17839,-0.4449203,-1.217411,-11.01,0.007724524,-1.217411,-11.01,0.007724524,(-1.42, -10.50, 1.09),(-2.44, -9.95, 0.23),(-1.93, -9.59, 0.23),
-4.053698,-10.17845,-0.4447052,-1.217411,-11.01,0.007724524,-1.217411,-11.01,0.007724524,(-1.42, -10.50, 1.09),(-2.44, -9.95, 0.23),(-1.93, -9.59, 0.23),
-4.053697,-10.17851,-0.4446299,-1.217411,-11.01,0.007724524,-1.217411,-11.01,0.007724524,(-1.42, -10.50, 1.09),(-2.44, -9.95, 0.23),(-1.93, -9.59, 0.23),
-4.053755,-10.17856,-0.4445963,-1.217411,-11.01,0.007724524,-1.217411,-11.01,0.007724524,(-1.42, -10.50, 1.09),(-2.44, -9.95, 0.23),(-1.93, -9.60, 0.23),
-4.053687,-10.17847,-0.4445884,-1.217411,-11.01,0.007724524,-1.217411,-11.01,0.007724524,(-1.42, -10.50, 1.09),(-2.44, -9.95, 0.23),(-1.93, -9.60, 0.23),
-4.053707,-10.1785,-0.4445062,-1.217411,-11.01,0.007724524,-1.217411,-11.01,0.007724524,(-1.42, -10.50, 1.09),(-2.44, -9.95, 0.23),(-1.93, -9.60, 0.23),
-4.05369,-10.17853,-0.4443605,-1.217411,-11.01,0.007724524,-1.217411,-11.01,0.007724524,(-1.42, -10.50, 1.09),(-2.44, -9.95, 0.23),(-1.93, -9.60, 0.23),
-4.053721,-10.17854,-0.4442198,-1.217411,-11.01,0.007724524,-1.217411,-11.01,0.007724524,(-1.42, -10.50, 1.09),(-2.44, -9.95, 0.23),(-1.93, -9.60, 0.23),
-4.053709,-10.17857,-0.4440849,-1.217411,-11.01,0.007724524,-1.217411,-11.01,0.007724524,(-1.42, -10.50, 1.09),(-2.44, -9.95, 0.23),(-1.93, -9.60, 0.23),
-4.053744,-10.17852,-0.4443128,-1.217411,-11.01,0.007724524,-1.217411,-11.01,0.007724524,(-1.42, -10.50, 1.09),(-2.44, -9.95, 0.23),(-1.93, -9.60, 0.23),
-4.053704,-10.17844,-0.4443817,-1.217411,-11.01,0.007724524,-1.217411,-11.01,0.007724524,(-1.42, -10.50, 1.09),(-2.44, -9.95, 0.23),(-1.93, -9.60, 0.23),
-4.053687,-10.17842,-0.4443781,-1.217411,-11.01,0.007724524,-1.217411,-11.01,0.007724524,(-1.42, -10.50, 1.09),(-2.44, -9.95, 0.23),(-1.93, -9.60, 0.23),
-4.053729,-10.17843,-0.4442935,-1.217411,-11.01,0.007724524,-1.217411,-11.01,0.007724524,(-1.42, -10.49, 1.09),(-2.44, -9.95, 0.23),(-1.93, -9.60, 0.23),
-4.053714,-10.17848,-0.4441695,-1.217411,-11.01,0.007724524,-1.217411,-11.01,0.007724524,(-1.42, -10.49, 1.09),(-2.44, -9.95, 0.23),(-1.93, -9.60, 0.23),
-4.05372,-10.17842,-0.4445717,-1.217411,-11.01,0.007724524,-1.217411,-11.01,0.007724524,(-1.42, -10.49, 1.09),(-2.44, -9.95, 0.23),(-1.93, -9.60, 0.23),
-4.053741,-10.17847,-0.444525,-1.217411,-11.01,0.007724524,-1.217411,-11.01,0.007724524,(-1.42, -10.49, 1.09),(-2.44, -9.95, 0.23),(-1.93, -9.60, 0.23),
-4.053765,-10.17854,-0.4443748,-1.217411,-11.01,0.007724524,-1.217411,-11.01,0.007724524,(-1.42, -10.49, 1.09),(-2.44, -9.95, 0.23),(-1.93, -9.60, 0.23),
-4.053806,-10.17856,-0.4444206,-1.217411,-11.01,0.007724524,-1.217411,-11.01,0.007724524,(-1.42, -10.49, 1.09),(-2.44, -9.95, 0.23),(-1.93, -9.61, 0.23),
-4.053813,-10.17862,-0.4443705,-1.217411,-11.01,0.007724524,-1.217411,-11.01,0.007724524,(-1.42, -10.49, 1.09),(-2.44, -9.95, 0.23),(-1.93, -9.61, 0.23),
-4.053637,-10.17855,-0.4444687,-1.217411,-11.01,0.007724524,-1.217411,-11.01,0.007724524,(-1.42, -10.49, 1.09),(-2.44, -9.95, 0.23),(-1.93, -9.61, 0.23),
-4.053658,-10.17859,-0.4442527,-1.217411,-11.01,0.007724524,-1.217411,-11.01,0.007724524,(-1.42, -10.49, 1.09),(-2.44, -9.95, 0.23),(-1.93, -9.61, 0.23),
-4.05373,-10.17854,-0.4445457,-1.217411,-11.01,0.007724524,-1.217411,-11.01,0.007724524,(-1.42, -10.49, 1.09),(-2.44, -9.95, 0.23),(-1.93, -9.61, 0.23),
-4.053653,-10.17847,-0.4445617,-1.217411,-11.01,0.007724524,-1.217411,-11.01,0.007724524,(-1.42, -10.50, 1.09),(-2.44, -9.95, 0.23),(-1.93, -9.61, 0.23),
-4.053651,-10.1785,-0.4445102,-1.217411,-11.01,0.007724524,-1.217411,-11.01,0.007724524,(-1.42, -10.50, 1.09),(-2.44, -9.95, 0.23),(-1.93, -9.61, 0.23),
-4.053716,-10.17845,-0.4443784,-1.217411,-11.01,0.007724524,-1.217411,-11.01,0.007724524,(-1.42, -10.50, 1.09),(-2.44, -9.95, 0.23),(-1.93, -9.61, 0.23),
-4.053676,-10.17837,-0.4444788,-1.217411,-11.01,0.007724524,-1.217411,-11.01,0.007724524,(-1.42, -10.50, 1.09),(-2.44, -9.95, 0.23),(-1.93, -9.61, 0.23),
-4.053655,-10.17841,-0.4444201,-1.217411,-11.01,0.007724524,-1.217411,-11.01,0.007724524,(-1.42, -10.50, 1.09),(-2.44, -9.94, 0.23),(-1.93, -9.61, 0.23),
-4.053667,-10.17837,-0.4444513,-1.217411,-11.01,0.007724524,-1.217411,-11.01,0.007724524,(-1.42, -10.50, 1.09),(-2.44, -9.94, 0.23),(-1.93, -9.61, 0.23),
-4.053659,-10.17836,-0.4445508,-1.217411,-11.01,0.007724524,-1.217411,-11.01,0.007724524,(-1.42, -10.50, 1.09),(-2.44, -9.94, 0.23),(-1.93, -9.61, 0.23),
-4.053676,-10.17841,-0.44449,-1.217411,-11.01,0.007724524,-1.217411,-11.01,0.007724524,(-1.42, -10.50, 1.09),(-2.44, -9.94, 0.23),(-1.93, -9.61, 0.23),
-4.053766,-10.17843,-0.4445453,-1.217411,-11.01,0.007724524,-1.217411,-11.01,0.007724524,(-1.42, -10.50, 1.09),(-2.44, -9.94, 0.23),(-1.93, -9.61, 0.23),
-4.053658,-10.17832,-0.4447701,-1.217411,-11.01,0.007724524,-1.217411,-11.01,0.007724524,(-1.42, -10.50, 1.09),(-2.44, -9.94, 0.23),(-1.93, -9.61, 0.23),
-4.053646,-10.17837,-0.4447556,-1.217411,-11.01,0.007724524,-1.217411,-11.01,0.007724524,(-1.42, -10.50, 1.09),(-2.44, -9.94, 0.23),(-1.93, -9.61, 0.23),
-4.053694,-10.17839,-0.4446757,-1.217411,-11.01,0.007724524,-1.217411,-11.01,0.007724524,(-1.42, -10.50, 1.09),(-2.44, -9.94, 0.23),(-1.93, -9.61, 0.23),
-4.053756,-10.17829,-0.4447567,-1.217411,-11.01,0.007724524,-1.217411,-11.01,0.007724524,(-1.42, -10.50, 1.09),(-2.44, -9.94, 0.23),(-1.93, -9.61, 0.23),
-4.05369,-10.1783,-0.4448264,-1.217411,-11.01,0.007724524,-1.217411,-11.01,0.007724524,(-1.42, -10.50, 1.09),(-2.44, -9.94, 0.23),(-1.93, -9.61, 0.23),
-4.05375,-10.17835,-0.444978,-1.217411,-11.01,0.007724524,-1.217411,-11.01,0.007724524,(-1.42, -10.50, 1.09),(-2.44, -9.94, 0.23),(-1.93, -9.61, 0.23),
-4.05376,-10.17832,-0.4451549,-1.217411,-11.01,0.007724524,-1.217411,-11.01,0.007724524,(-1.42, -10.50, 1.09),(-2.44, -9.94, 0.23),(-1.93, -9.61, 0.23),
-4.053686,-10.17824,-0.445322,-1.217411,-11.01,0.007724524,-1.217411,-11.01,0.007724524,(-1.42, -10.50, 1.09),(-2.44, -9.94, 0.23),(-1.93, -9.61, 0.23),
-4.053628,-10.1782,-0.4451044,-1.217411,-11.01,0.007724524,-1.217411,-11.01,0.007724524,(-1.42, -10.50, 1.09),(-2.44, -9.94, 0.23),(-1.93, -9.61, 0.23),
-4.053726,-10.17822,-0.444936,-1.217411,-11.01,0.007724524,-1.217411,-11.01,0.007724524,(-1.42, -10.51, 1.09),(-2.44, -9.94, 0.23),(-1.93, -9.61, 0.23),
-4.053733,-10.17819,-0.4448998,-1.217411,-11.01,0.007724524,-1.217411,-11.01,0.007724524,(-1.42, -10.51, 1.09),(-2.44, -9.94, 0.23),(-1.93, -9.61, 0.23),
-4.053701,-10.17815,-0.4447639,-1.217411,-11.01,0.007724524,-1.217411,-11.01,0.007724524,(-1.42, -10.51, 1.09),(-2.44, -9.94, 0.23),(-1.93, -9.60, 0.23),
-4.0537,-10.17805,-0.4448202,-1.217411,-11.01,0.007724524,-1.217411,-11.01,0.007724524,(-1.42, -10.51, 1.09),(-2.44, -9.93, 0.23),(-1.93, -9.60, 0.23),
-4.053649,-10.17807,-0.4447453,-1.217411,-11.01,0.007724524,-1.217411,-11.01,0.007724524,(-1.42, -10.51, 1.09),(-2.44, -9.93, 0.23),(-1.93, -9.60, 0.23),
-4.05369,-10.17807,-0.4447179,-1.217411,-11.01,0.007724524,-1.217411,-11.01,0.007724524,(-1.42, -10.51, 1.09),(-2.44, -9.93, 0.23),(-1.93, -9.60, 0.23),
-4.053736,-10.17804,-0.4448588,-1.217411,-11.01,0.007724524,-1.217411,-11.01,0.007724524,(-1.42, -10.51, 1.09),(-2.44, -9.93, 0.23),(-1.93, -9.60, 0.23),
-4.053783,-10.17803,-0.4448259,-1.217411,-11.01,0.007724524,-1.217411,-11.01,0.007724524,(-1.42, -10.51, 1.09),(-2.44, -9.93, 0.23),(-1.93, -9.60, 0.23),
-4.053779,-10.178,-0.4448581,-1.217411,-11.01,0.007724524,-1.217411,-11.01,0.007724524,(-1.42, -10.51, 1.09),(-2.44, -9.93, 0.23),(-1.93, -9.60, 0.23),
-4.053797,-10.17794,-0.4450676,-1.217411,-11.01,0.007724524,-1.217411,-11.01,0.007724524,(-1.42, -10.51, 1.09),(-2.44, -9.93, 0.23),(-1.93, -9.60, 0.23),
-4.053793,-10.17795,-0.4451156,-1.217411,-11.01,0.007724524,-1.217411,-11.01,0.007724524,(-1.42, -10.51, 1.09),(-2.44, -9.93, 0.23),(-1.93, -9.60, 0.23),
-4.053775,-10.17794,-0.4451075,-1.217411,-11.01,0.007724524,-1.217411,-11.01,0.007724524,(-1.42, -10.51, 1.09),(-2.44, -9.93, 0.23),(-1.93, -9.60, 0.23),
-4.053702,-10.1778,-0.4454656,-1.217411,-11.01,0.007724524,-1.217411,-11.01,0.007724524,(-1.42, -10.51, 1.09),(-2.44, -9.93, 0.23),(-1.93, -9.60, 0.23),
-4.053746,-10.17776,-0.445421,-1.217411,-11.01,0.007724524,-1.217411,-11.01,0.007724524,(-1.42, -10.51, 1.09),(-2.44, -9.93, 0.23),(-1.93, -9.60, 0.23),
-4.053777,-10.17776,-0.4455702,-1.217411,-11.01,0.007724524,-1.217411,-11.01,0.007724524,(-1.42, -10.51, 1.09),(-2.44, -9.93, 0.23),(-1.93, -9.60, 0.23),
-4.053704,-10.17779,-0.4454525,-1.217411,-11.01,0.007724524,-1.217411,-11.01,0.007724524,(-1.42, -10.51, 1.09),(-2.44, -9.93, 0.23),(-1.93, -9.60, 0.23),
-4.053748,-10.17779,-0.4454796,-1.217411,-11.01,0.007724524,-1.217411,-11.01,0.007724524,(-1.42, -10.51, 1.09),(-2.44, -9.93, 0.23),(-1.93, -9.60, 0.23),
-4.053802,-10.17772,-0.4455152,-1.217411,-11.01,0.007724524,-1.217411,-11.01,0.007724524,(-1.42, -10.51, 1.09),(-2.44, -9.93, 0.23),(-1.93, -9.59, 0.23),
-4.053724,-10.17769,-0.4454787,-1.217411,-11.01,0.007724524,-1.217411,-11.01,0.007724524,(-1.42, -10.51, 1.09),(-2.44, -9.94, 0.23),(-1.93, -9.59, 0.23),
-4.053697,-10.17756,-0.445637,-1.217411,-11.01,0.007724524,-1.217411,-11.01,0.007724524,(-1.42, -10.51, 1.09),(-2.44, -9.94, 0.23),(-1.93, -9.59, 0.23),
-4.053706,-10.17759,-0.4457748,-1.217411,-11.01,0.007724524,-1.217411,-11.01,0.007724524,(-1.42, -10.51, 1.09),(-2.44, -9.94, 0.23),(-1.93, -9.59, 0.23),
-4.053741,-10.17753,-0.4456606,-1.217411,-11.01,0.007724524,-1.217411,-11.01,0.007724524,(-1.42, -10.51, 1.09),(-2.44, -9.94, 0.23),(-1.93, -9.59, 0.23),
-4.053747,-10.17754,-0.4456661,-1.217411,-11.01,0.007724524,-1.217411,-11.01,0.007724524,(-1.42, -10.51, 1.09),(-2.44, -9.94, 0.23),(-1.93, -9.59, 0.23),
-4.053755,-10.17758,-0.4456084,-1.217411,-11.01,0.007724524,-1.217411,-11.01,0.007724524,(-1.42, -10.51, 1.09),(-2.44, -9.94, 0.23),(-1.93, -9.59, 0.23),
-4.05378,-10.17756,-0.4456241,-1.217411,-11.01,0.007724524,-1.217411,-11.01,0.007724524,(-1.42, -10.51, 1.09),(-2.44, -9.94, 0.23),(-1.93, -9.59, 0.23),
-4.053782,-10.17756,-0.445627,-1.217411,-11.01,0.007724524,-1.217411,-11.01,0.007724524,(-1.42, -10.51, 1.09),(-2.44, -9.94, 0.23),(-1.93, -9.59, 0.23),
-4.053774,-10.17747,-0.4457762,-1.217411,-11.01,0.007724524,-1.217411,-11.01,0.007724524,(-1.42, -10.51, 1.09),(-2.44, -9.94, 0.23),(-1.93, -9.59, 0.23),
-4.053731,-10.17743,-0.4461439,-1.217411,-11.01,0.007724524,-1.217411,-11.01,0.007724524,(-1.42, -10.51, 1.09),(-2.44, -9.94, 0.23),(-1.93, -9.59, 0.23),
-4.053739,-10.17742,-0.4462028,-1.217411,-11.01,0.007724524,-1.217411,-11.01,0.007724524,(-1.42, -10.51, 1.09),(-2.44, -9.94, 0.23),(-1.93, -9.59, 0.23),
-4.053686,-10.17746,-0.4460773,-1.217411,-11.01,0.007724524,-1.217411,-11.01,0.007724524,(-1.42, -10.51, 1.09),(-2.44, -9.94, 0.23),(-1.93, -9.59, 0.23),
-4.053659,-10.17742,-0.4461713,-1.217411,-11.01,0.007724524,-1.217411,-11.01,0.007724524,(-1.42, -10.51, 1.09),(-2.44, -9.94, 0.23),(-1.93, -9.59, 0.23),
-4.053641,-10.1774,-0.446166,-1.217411,-11.01,0.007724524,-1.217411,-11.01,0.007724524,(-1.42, -10.51, 1.09),(-2.44, -9.94, 0.23),(-1.93, -9.59, 0.23),
-4.05373,-10.17747,-0.4460437,-1.217411,-11.01,0.007724524,-1.217411,-11.01,0.007724524,(-1.42, -10.51, 1.09),(-2.44, -9.94, 0.23),(-1.93, -9.59, 0.23),
-4.053693,-10.17745,-0.4461169,-1.217411,-11.01,0.007724524,-1.217411,-11.01,0.007724524,(-1.42, -10.51, 1.09),(-2.44, -9.95, 0.23),(-1.93, -9.59, 0.23),
-4.053655,-10.17747,-0.4460001,-1.217411,-11.01,0.007724524,-1.217411,-11.01,0.007724524,(-1.42, -10.51, 1.09),(-2.44, -9.95, 0.23),(-1.93, -9.59, 0.23),
-4.053744,-10.17749,-0.4460151,-1.217411,-11.01,0.007724524,-1.217411,-11.01,0.007724524,(-1.42, -10.51, 1.09),(-2.44, -9.95, 0.23),(-1.93, -9.59, 0.23),
-4.053673,-10.17743,-0.4462059,-1.217411,-11.01,0.007724524,-1.217411,-11.01,0.007724524,(-1.42, -10.51, 1.09),(-2.44, -9.95, 0.23),(-1.93, -9.59, 0.23),
-4.053672,-10.17742,-0.4463065,-1.217411,-11.01,0.007724524,-1.217411,-11.01,0.007724524,(-1.42, -10.51, 1.09),(-2.44, -9.95, 0.23),(-1.93, -9.59, 0.23),
-4.053727,-10.17746,-0.4463089,-1.217411,-11.01,0.007724524,-1.217411,-11.01,0.007724524,(-1.42, -10.51, 1.09),(-2.44, -9.95, 0.23),(-1.93, -9.59, 0.23),
-4.053781,-10.1775,-0.4461682,-1.217411,-11.01,0.007724524,-1.217411,-11.01,0.007724524,(-1.42, -10.51, 1.09),(-2.44, -9.95, 0.23),(-1.93, -9.59, 0.23),
-4.053737,-10.17747,-0.446068,-1.217411,-11.01,0.007724524,-1.217411,-11.01,0.007724524,(-1.42, -10.51, 1.09),(-2.44, -9.95, 0.23),(-1.93, -9.59, 0.23),
-4.053672,-10.17732,-0.4461915,-1.217411,-11.01,0.007724524,-1.217411,-11.01,0.007724524,(-1.42, -10.50, 1.09),(-2.44, -9.95, 0.23),(-1.93, -9.59, 0.23),
-4.053672,-10.17729,-0.4461684,-1.217411,-11.01,0.007724524,-1.217411,-11.01,0.007724524,(-1.42, -10.50, 1.09),(-2.44, -9.95, 0.23),(-1.93, -9.59, 0.23),
-4.053622,-10.17726,-0.4461758,-1.217411,-11.01,0.007724524,-1.217411,-11.01,0.007724524,(-1.42, -10.50, 1.09),(-2.44, -9.95, 0.23),(-1.93, -9.59, 0.23),
-4.053686,-10.17731,-0.4461069,-1.217411,-11.01,0.007724524,-1.217411,-11.01,0.007724524,(-1.42, -10.50, 1.09),(-2.44, -9.95, 0.23),(-1.93, -9.59, 0.23),
-4.053798,-10.17731,-0.4459615,-1.217411,-11.01,0.007724524,-1.217411,-11.01,0.007724524,(-1.42, -10.50, 1.09),(-2.44, -9.95, 0.23),(-1.93, -9.59, 0.23),
-4.053813,-10.17732,-0.445972,-1.217411,-11.01,0.007724524,-1.217411,-11.01,0.007724524,(-1.42, -10.50, 1.09),(-2.44, -9.95, 0.23),(-1.93, -9.59, 0.23),
-4.053892,-10.1773,-0.4461222,-1.217411,-11.01,0.007724524,-1.217411,-11.01,0.007724524,(-1.42, -10.50, 1.09),(-2.44, -9.95, 0.23),(-1.93, -9.59, 0.23),
-4.053912,-10.17735,-0.4460239,-1.217411,-11.01,0.007724524,-1.217411,-11.01,0.007724524,(-1.42, -10.50, 1.09),(-2.44, -9.95, 0.23),(-1.93, -9.59, 0.23),
-4.054008,-10.17733,-0.4461241,-1.217411,-11.01,0.007724524,-1.217411,-11.01,0.007724524,(-1.42, -10.50, 1.09),(-2.44, -9.95, 0.23),(-1.93, -9.60, 0.23),
-4.053838,-10.17722,-0.4462113,-1.217411,-11.01,0.007724524,-1.217411,-11.01,0.007724524,(-1.42, -10.50, 1.09),(-2.44, -9.95, 0.23),(-1.93, -9.60, 0.23),
-4.053866,-10.17722,-0.4462669,-1.217411,-11.01,0.007724524,-1.217411,-11.01,0.007724524,(-1.42, -10.50, 1.09),(-2.44, -9.95, 0.23),(-1.93, -9.60, 0.23),
-4.053891,-10.17721,-0.446274,-1.217411,-11.01,0.007724524,-1.217411,-11.01,0.007724524,(-1.42, -10.50, 1.09),(-2.44, -9.95, 0.23),(-1.93, -9.60, 0.23),
-4.05384,-10.17718,-0.4462049,-1.217411,-11.01,0.007724524,-1.217411,-11.01,0.007724524,(-1.42, -10.50, 1.09),(-2.44, -9.95, 0.23),(-1.93, -9.60, 0.23),
-4.053787,-10.17722,-0.4461687,-1.217411,-11.01,0.007724524,-1.217411,-11.01,0.007724524,(-1.42, -10.50, 1.09),(-2.44, -9.95, 0.23),(-1.93, -9.60, 0.23),
-4.053796,-10.17718,-0.446208,-1.217411,-11.01,0.007724524,-1.217411,-11.01,0.007724524,(-1.42, -10.50, 1.09),(-2.44, -9.95, 0.23),(-1.93, -9.60, 0.23),
-4.053718,-10.17713,-0.4464328,-1.217411,-11.01,0.007724524,-1.217411,-11.01,0.007724524,(-1.42, -10.50, 1.09),(-2.44, -9.95, 0.23),(-1.93, -9.60, 0.23),
-4.053785,-10.1772,-0.4464195,-1.217411,-11.01,0.007724524,-1.217411,-11.01,0.007724524,(-1.42, -10.50, 1.09),(-2.44, -9.95, 0.23),(-1.93, -9.60, 0.23),
-4.053782,-10.17717,-0.4464986,-1.217411,-11.01,0.007724524,-1.217411,-11.01,0.007724524,(-1.42, -10.50, 1.09),(-2.44, -9.95, 0.23),(-1.93, -9.60, 0.23),
-4.053688,-10.17717,-0.4464705,-1.217411,-11.01,0.007724524,-1.217411,-11.01,0.007724524,(-1.42, -10.49, 1.09),(-2.44, -9.95, 0.23),(-1.93, -9.60, 0.23),
-4.053755,-10.17735,-0.4464114,-1.217411,-11.01,0.007724524,-1.217411,-11.01,0.007724524,(-1.42, -10.49, 1.09),(-2.44, -9.95, 0.23),(-1.93, -9.60, 0.23),
-4.053755,-10.17734,-0.4465168,-1.217411,-11.01,0.007724524,-1.217411,-11.01,0.007724524,(-1.42, -10.49, 1.09),(-2.44, -9.95, 0.23),(-1.93, -9.60, 0.23),
-4.053754,-10.17742,-0.4461901,-1.217411,-11.01,0.007724524,-1.217411,-11.01,0.007724524,(-1.42, -10.49, 1.09),(-2.44, -9.95, 0.23),(-1.93, -9.60, 0.23),
-4.05372,-10.17747,-0.4460857,-1.217411,-11.01,0.007724524,-1.217411,-11.01,0.007724524,(-1.42, -10.49, 1.09),(-2.44, -9.95, 0.23),(-1.93, -9.60, 0.23),
-4.053706,-10.17745,-0.4461503,-1.217411,-11.01,0.007724524,-1.217411,-11.01,0.007724524,(-1.42, -10.49, 1.09),(-2.44, -9.95, 0.23),(-1.93, -9.60, 0.23),
-4.053667,-10.17755,-0.4460564,-1.217411,-11.01,0.007724524,-1.217411,-11.01,0.007724524,(-1.42, -10.49, 1.09),(-2.44, -9.95, 0.23),(-1.93, -9.61, 0.23),
-4.053694,-10.17757,-0.4461095,-1.217411,-11.01,0.007724524,-1.217411,-11.01,0.007724524,(-1.42, -10.49, 1.09),(-2.44, -9.95, 0.23),(-1.93, -9.61, 0.23),
-4.053687,-10.17759,-0.4461665,-1.217411,-11.01,0.007724524,-1.217411,-11.01,0.007724524,(-1.42, -10.49, 1.09),(-2.44, -9.95, 0.23),(-1.93, -9.61, 0.23),
-4.053725,-10.17766,-0.4461386,-1.217411,-11.01,0.007724524,-1.217411,-11.01,0.007724524,(-1.42, -10.49, 1.09),(-2.44, -9.95, 0.23),(-1.93, -9.61, 0.23),
-4.053751,-10.1777,-0.4458449,-1.217411,-11.01,0.007724524,-1.217411,-11.01,0.007724524,(-1.42, -10.49, 1.09),(-2.44, -9.95, 0.23),(-1.93, -9.61, 0.23),
-4.053735,-10.17771,-0.4458628,-1.217411,-11.01,0.007724524,-1.217411,-11.01,0.007724524,(-1.42, -10.50, 1.09),(-2.44, -9.95, 0.23),(-1.93, -9.61, 0.23),
-4.053727,-10.1778,-0.4455707,-1.217411,-11.01,0.007724524,-1.217411,-11.01,0.007724524,(-1.42, -10.50, 1.09),(-2.44, -9.95, 0.23),(-1.93, -9.61, 0.23),
-4.053804,-10.17787,-0.4455602,-1.217411,-11.01,0.007724524,-1.217411,-11.01,0.007724524,(-1.42, -10.50, 1.09),(-2.44, -9.95, 0.23),(-1.93, -9.61, 0.23),
-4.05382,-10.17786,-0.4455955,-1.217411,-11.01,0.007724524,-1.217411,-11.01,0.007724524,(-1.42, -10.50, 1.09),(-2.44, -9.95, 0.23),(-1.93, -9.61, 0.23),
-4.053782,-10.17786,-0.445497,-1.217411,-11.01,0.007724524,-1.217411,-11.01,0.007724524,(-1.42, -10.50, 1.09),(-2.44, -9.94, 0.23),(-1.93, -9.61, 0.23),
-4.053781,-10.17784,-0.4453366,-1.217411,-11.01,0.007724524,-1.217411,-11.01,0.007724524,(-1.42, -10.50, 1.09),(-2.44, -9.94, 0.23),(-1.93, -9.61, 0.23),
-4.053731,-10.17777,-0.4455211,-1.217411,-11.01,0.007724524,-1.217411,-11.01,0.007724524,(-1.42, -10.50, 1.09),(-2.44, -9.94, 0.23),(-1.93, -9.61, 0.23),
-4.053761,-10.17781,-0.4453523,-1.217411,-11.01,0.007724524,-1.217411,-11.01,0.007724524,(-1.42, -10.50, 1.09),(-2.44, -9.94, 0.23),(-1.93, -9.61, 0.23),
-4.05379,-10.17778,-0.4453242,-1.217411,-11.01,0.007724524,-1.217411,-11.01,0.007724524,(-1.42, -10.50, 1.09),(-2.44, -9.94, 0.23),(-1.93, -9.61, 0.23),
-4.053826,-10.17772,-0.445307,-1.217411,-11.01,0.007724524,-1.217411,-11.01,0.007724524,(-1.42, -10.50, 1.09),(-2.44, -9.94, 0.23),(-1.93, -9.61, 0.23),
-4.053817,-10.17774,-0.4456213,-1.217411,-11.01,0.007724524,-1.217411,-11.01,0.007724524,(-1.42, -10.50, 1.09),(-2.44, -9.94, 0.23),(-1.93, -9.61, 0.23),
-4.053868,-10.17773,-0.4456203,-1.217411,-11.01,0.007724524,-1.217411,-11.01,0.007724524,(-1.42, -10.50, 1.09),(-2.44, -9.94, 0.23),(-1.93, -9.61, 0.23),
-4.053857,-10.17777,-0.445513,-1.217411,-11.01,0.007724524,-1.217411,-11.01,0.007724524,(-1.42, -10.50, 1.09),(-2.44, -9.94, 0.23),(-1.93, -9.61, 0.23),
-4.053712,-10.17772,-0.4456909,-1.217411,-11.01,0.007724524,-1.217411,-11.01,0.007724524,(-1.42, -10.50, 1.09),(-2.44, -9.94, 0.23),(-1.93, -9.61, 0.23),
-4.053723,-10.17769,-0.4456706,-1.217411,-11.01,0.007724524,-1.217411,-11.01,0.007724524,(-1.42, -10.50, 1.09),(-2.44, -9.94, 0.23),(-1.93, -9.61, 0.23),
-4.053702,-10.17768,-0.4458334,-1.217411,-11.01,0.007724524,-1.217411,-11.01,0.007724524,(-1.42, -10.50, 1.09),(-2.44, -9.94, 0.23),(-1.93, -9.61, 0.23),
-4.053808,-10.17775,-0.4457929,-1.217411,-11.01,0.007724524,-1.217411,-11.01,0.007724524,(-1.42, -10.50, 1.09),(-2.44, -9.94, 0.23),(-1.93, -9.61, 0.23),
-4.053792,-10.17774,-0.4458687,-1.217411,-11.01,0.007724524,-1.217411,-11.01,0.007724524,(-1.42, -10.51, 1.09),(-2.44, -9.94, 0.23),(-1.93, -9.61, 0.23),
-4.053737,-10.17775,-0.4456885,-1.217411,-11.01,0.007724524,-1.217411,-11.01,0.007724524,(-1.42, -10.51, 1.09),(-2.44, -9.94, 0.23),(-1.93, -9.61, 0.23),
-4.053768,-10.17773,-0.445689,-1.217411,-11.01,0.007724524,-1.217411,-11.01,0.007724524,(-1.42, -10.51, 1.09),(-2.44, -9.94, 0.23),(-1.93, -9.61, 0.23),
-4.053787,-10.17771,-0.4456847,-1.217411,-11.01,0.007724524,-1.217411,-11.01,0.007724524,(-1.42, -10.51, 1.09),(-2.44, -9.93, 0.23),(-1.93, -9.60, 0.23),
-4.053811,-10.17766,-0.4456408,-1.217411,-11.01,0.007724524,-1.217411,-11.01,0.007724524,(-1.42, -10.51, 1.09),(-2.44, -9.93, 0.23),(-1.93, -9.60, 0.23),
-4.053781,-10.17758,-0.4457138,-1.217411,-11.01,0.007724524,-1.217411,-11.01,0.007724524,(-1.42, -10.51, 1.09),(-2.44, -9.93, 0.23),(-1.93, -9.60, 0.23),
-4.053801,-10.17758,-0.4457343,-1.217411,-11.01,0.007724524,-1.217411,-11.01,0.007724524,(-1.42, -10.51, 1.09),(-2.44, -9.93, 0.23),(-1.93, -9.60, 0.23),
-4.053782,-10.17763,-0.4457555,-1.217411,-11.01,0.007724524,-1.217411,-11.01,0.007724524,(-1.42, -10.51, 1.09),(-2.44, -9.93, 0.23),(-1.93, -9.60, 0.23),
-4.053741,-10.17754,-0.4459388,-1.217411,-11.01,0.007724524,-1.217411,-11.01,0.007724524,(-1.42, -10.51, 1.09),(-2.44, -9.93, 0.23),(-1.93, -9.60, 0.23),
-4.053783,-10.17747,-0.4458594,-1.217411,-11.01,0.007724524,-1.217411,-11.01,0.007724524,(-1.42, -10.51, 1.09),(-2.44, -9.93, 0.23),(-1.93, -9.60, 0.23),
-4.05377,-10.17749,-0.4457912,-1.217411,-11.01,0.007724524,-1.217411,-11.01,0.007724524,(-1.42, -10.51, 1.09),(-2.44, -9.93, 0.23),(-1.93, -9.60, 0.23),
-4.053782,-10.17743,-0.4458454,-1.217411,-11.01,0.007724524,-1.217411,-11.01,0.007724524,(-1.42, -10.51, 1.09),(-2.44, -9.93, 0.23),(-1.93, -9.60, 0.23),
-4.053819,-10.17746,-0.4457726,-1.217411,-11.01,0.007724524,-1.217411,-11.01,0.007724524,(-1.42, -10.51, 1.09),(-2.44, -9.93, 0.23),(-1.93, -9.60, 0.23),
-4.05378,-10.17738,-0.4461641,-1.217411,-11.01,0.007724524,-1.217411,-11.01,0.007724524,(-1.42, -10.51, 1.09),(-2.44, -9.93, 0.23),(-1.93, -9.60, 0.23),
-4.05372,-10.17732,-0.4463694,-1.217411,-11.01,0.007724524,-1.217411,-11.01,0.007724524,(-1.42, -10.51, 1.09),(-2.44, -9.93, 0.23),(-1.93, -9.60, 0.23),
-4.053767,-10.17745,-0.4461586,-1.217411,-11.01,0.007724524,-1.217411,-11.01,0.007724524,(-1.42, -10.51, 1.09),(-2.44, -9.93, 0.23),(-1.93, -9.59, 0.23),
-4.053743,-10.17745,-0.4460781,-1.217411,-11.01,0.007724524,-1.217411,-11.01,0.007724524,(-1.42, -10.51, 1.09),(-2.44, -9.94, 0.23),(-1.93, -9.59, 0.23),
-4.05374,-10.1775,-0.4459445,-1.217411,-11.01,0.007724524,-1.217411,-11.01,0.007724524,(-1.42, -10.51, 1.09),(-2.44, -9.94, 0.23),(-1.93, -9.59, 0.23),
-4.05372,-10.17741,-0.4460258,-1.217411,-11.01,0.007724524,-1.217411,-11.01,0.007724524,(-1.42, -10.51, 1.09),(-2.44, -9.94, 0.23),(-1.93, -9.59, 0.23),
-4.053676,-10.17739,-0.4459612,-1.217411,-11.01,0.007724524,-1.217411,-11.01,0.007724524,(-1.42, -10.51, 1.09),(-2.44, -9.94, 0.23),(-1.93, -9.59, 0.23),
-4.053658,-10.17744,-0.4458823,-1.217411,-11.01,0.007724524,-1.217411,-11.01,0.007724524,(-1.42, -10.51, 1.09),(-2.44, -9.94, 0.23),(-1.93, -9.59, 0.23),
-4.053679,-10.17744,-0.445806,-1.217411,-11.01,0.007724524,-1.217411,-11.01,0.007724524,(-1.42, -10.51, 1.09),(-2.44, -9.94, 0.23),(-1.93, -9.59, 0.23),
-4.053703,-10.17748,-0.4458075,-1.217411,-11.01,0.007724524,-1.217411,-11.01,0.007724524,(-1.42, -10.51, 1.09),(-2.44, -9.94, 0.23),(-1.93, -9.59, 0.23),
-4.053755,-10.17756,-0.4456716,-1.217411,-11.01,0.007724524,-1.217411,-11.01,0.007724524,(-1.42, -10.51, 1.09),(-2.44, -9.94, 0.23),(-1.93, -9.59, 0.23),
-4.053772,-10.1776,-0.4457409,-1.217411,-11.01,0.007724524,-1.217411,-11.01,0.007724524,(-1.42, -10.51, 1.09),(-2.44, -9.94, 0.23),(-1.93, -9.59, 0.23),
-4.053762,-10.17759,-0.4460714,-1.217411,-11.01,0.007724524,-1.217411,-11.01,0.007724524,(-1.42, -10.51, 1.09),(-2.44, -9.94, 0.23),(-1.93, -9.59, 0.23),
-4.053767,-10.17777,-0.4459188,-1.217411,-11.01,0.007724524,-1.217411,-11.01,0.007724524,(-1.42, -10.51, 1.09),(-2.44, -9.94, 0.23),(-1.93, -9.59, 0.23),
-4.053705,-10.17773,-0.4459829,-1.217411,-11.01,0.007724524,-1.217411,-11.01,0.007724524,(-1.42, -10.51, 1.09),(-2.44, -9.94, 0.23),(-1.93, -9.59, 0.23),
-4.053766,-10.17772,-0.4459355,-1.217411,-11.01,0.007724524,-1.217411,-11.01,0.007724524,(-1.42, -10.51, 1.09),(-2.44, -9.94, 0.23),(-1.93, -9.59, 0.23),
-4.053719,-10.17772,-0.4457326,-1.217411,-11.01,0.007724524,-1.217411,-11.01,0.007724524,(-1.42, -10.51, 1.09),(-2.44, -9.94, 0.23),(-1.93, -9.59, 0.23),
-4.053783,-10.17781,-0.4457769,-1.217411,-11.01,0.007724524,-1.217411,-11.01,0.007724524,(-1.42, -10.51, 1.09),(-2.44, -9.95, 0.23),(-1.93, -9.59, 0.23),
-4.053811,-10.17785,-0.4457357,-1.217411,-11.01,0.007724524,-1.217411,-11.01,0.007724524,(-1.42, -10.51, 1.09),(-2.44, -9.95, 0.23),(-1.93, -9.59, 0.23),
-4.053829,-10.17782,-0.4456203,-1.217411,-11.01,0.007724524,-1.217411,-11.01,0.007724524,(-1.42, -10.51, 1.09),(-2.44, -9.95, 0.23),(-1.93, -9.59, 0.23),
-4.053745,-10.17777,-0.4456234,-1.217411,-11.01,0.007724524,-1.217411,-11.01,0.007724524,(-1.42, -10.51, 1.09),(-2.44, -9.95, 0.23),(-1.93, -9.59, 0.23),
-4.053756,-10.17773,-0.4456437,-1.217411,-11.01,0.007724524,-1.217411,-11.01,0.007724524,(-1.42, -10.51, 1.09),(-2.44, -9.95, 0.23),(-1.93, -9.59, 0.23),
-4.053699,-10.17775,-0.4454997,-1.217411,-11.01,0.007724524,-1.217411,-11.01,0.007724524,(-1.42, -10.51, 1.09),(-2.44, -9.95, 0.23),(-1.93, -9.59, 0.23),
-4.053701,-10.17778,-0.4452963,-1.217411,-11.01,0.007724524,-1.217411,-11.01,0.007724524,(-1.42, -10.51, 1.09),(-2.44, -9.95, 0.23),(-1.93, -9.59, 0.23),
-4.053671,-10.17772,-0.4453559,-1.217411,-11.01,0.007724524,-1.217411,-11.01,0.007724524,(-1.42, -10.51, 1.09),(-2.44, -9.95, 0.23),(-1.93, -9.59, 0.23),
-4.053741,-10.17776,-0.4454794,-1.217411,-11.01,0.007724524,-1.217411,-11.01,0.007724524,(-1.42, -10.50, 1.09),(-2.44, -9.95, 0.23),(-1.93, -9.59, 0.23),
-4.053755,-10.17779,-0.4457526,-1.217411,-11.01,0.007724524,-1.217411,-11.01,0.007724524,(-1.42, -10.50, 1.09),(-2.44, -9.95, 0.23),(-1.93, -9.59, 0.23),
-4.053706,-10.17777,-0.4456217,-1.217411,-11.01,0.007724524,-1.217411,-11.01,0.007724524,(-1.42, -10.50, 1.09),(-2.44, -9.95, 0.23),(-1.93, -9.59, 0.23),
-4.053679,-10.17782,-0.4454043,-1.217411,-11.01,0.007724524,-1.217411,-11.01,0.007724524,(-1.42, -10.50, 1.09),(-2.44, -9.95, 0.23),(-1.93, -9.59, 0.23),
-4.053658,-10.17773,-0.4455631,-1.217411,-11.01,0.007724524,-1.217411,-11.01,0.007724524,(-1.42, -10.50, 1.09),(-2.44, -9.95, 0.23),(-1.93, -9.59, 0.23),
-4.053686,-10.17781,-0.4457283,-1.217411,-11.01,0.007724524,-1.217411,-11.01,0.007724524,(-1.42, -10.50, 1.09),(-2.44, -9.95, 0.23),(-1.93, -9.59, 0.23),
-4.053684,-10.17777,-0.4455807,-1.217411,-11.01,0.007724524,-1.217411,-11.01,0.007724524,(-1.42, -10.50, 1.09),(-2.44, -9.95, 0.23),(-1.93, -9.60, 0.23),
