Position_HeadSet_x,Position_HeadSet_y,Position_HeadSet_z,Position_Right_x,Position_Right_y,Position_Right_z,Position_Left_x,Position_Left_y,Position_Left_z,V826_x,V826_y,V826_z,R836_x,R836_y,R836_z,A554_x,A554_y,A554_z,
-2.655235,-9.508988,0.4776034,-2.496003,-10.23145,0.2389954,-1.217411,-11.01,0.007724524,-1.424,-10.25204,-0.634,-2.444,-9.907819,1.086,-0.404,-9.630549,-1.064,
-2.657035,-9.509706,0.4750317,-2.511887,-10.23522,0.2265375,-1.217411,-11.01,0.007724524,-1.424,-10.25272,-0.634,-2.444,-9.910537,1.086,-0.404,-9.632343,-1.064,
-2.659118,-9.510522,0.4720259,-2.527949,-10.2392,0.2164754,-1.217411,-11.01,0.007724524,-1.424,-10.25261,-0.634,-2.444,-9.912136,1.086,-0.404,-9.632827,-1.064,
-2.661059,-9.510105,0.4694449,-2.541618,-10.24188,0.2079003,-1.217411,-11.01,0.007724524,-1.424,-10.25207,-0.634,-2.444,-9.914177,1.086,-0.404,-9.633012,-1.064,
-2.662624,-9.509808,0.467469,-2.553949,-10.24359,0.2011487,-1.217411,-11.01,0.007724524,-1.424,-10.25132,-0.634,-2.444,-9.915919,1.086,-0.404,-9.632833,-1.064,
-2.664358,-9.510033,0.4658546,-2.562016,-10.24413,0.1973525,-1.217411,-11.01,0.007724524,-1.424,-10.2503,-0.634,-2.444,-9.917644,1.086,-0.404,-9.632356,-1.064,
-2.665992,-9.511115,0.4638749,-2.567731,-10.24421,0.1948649,-1.217411,-11.01,0.007724524,-1.424,-10.24932,-0.634,-2.444,-9.918974,1.086,-0.404,-9.631767,-1.064,
-2.667265,-9.512258,0.4621534,-2.571527,-10.24355,0.1934202,-1.217411,-11.01,0.007724524,-1.424,-10.2482,-0.634,-2.444,-9.920233,1.086,-0.404,-9.63101,-1.064,
-2.669354,-9.513535,0.4595723,-2.568442,-10.2374,0.1894,-1.217411,-11.01,0.007724524,-1.424,-10.24699,-0.634,-2.444,-9.921396,1.086,-0.404,-9.630096,-1.064,
-2.67162,-9.515856,0.4572859,-2.557433,-10.22525,0.1808454,-1.217411,-11.01,0.007724524,-1.424,-10.24535,-0.634,-2.444,-9.922681,1.086,-0.404,-9.628763,-1.064,
-2.673161,-9.51818,0.4561262,-2.543693,-10.21045,0.1728452,-1.217411,-11.01,0.007724524,-1.424,-10.24364,-0.634,-2.444,-9.923742,1.086,-0.404,-9.627254,-1.064,
-2.67432,-9.519502,0.4553714,-2.529575,-10.19555,0.1697472,-1.217411,-11.01,0.007724524,-1.424,-10.24224,-0.634,-2.444,-9.924408,1.086,-0.404,-9.625953,-1.064,
-2.675369,-9.521288,0.4543107,-2.513165,-10.18062,0.1727136,-1.217411,-11.01,0.007724524,-1.424,-10.2412,-0.634,-2.444,-9.924791,1.086,-0.404,-9.624938,-1.064,
-2.67706,-9.523526,0.4531071,-2.496599,-10.16621,0.1815459,-1.217411,-11.01,0.007724524,-1.424,-10.23984,-0.634,-2.444,-9.92514,1.086,-0.404,-9.623553,-1.064,
-2.679076,-9.526164,0.4507692,-2.481821,-10.15044,0.190136,-1.217411,-11.01,0.007724524,-1.424,-10.23853,-0.634,-2.444,-9.925299,1.086,-0.404,-9.622158,-1.064,
-2.681358,-9.528943,0.4487753,-2.470079,-10.13487,0.1878806,-1.217411,-11.01,0.007724524,-1.424,-10.23731,-0.634,-2.444,-9.925261,1.086,-0.404,-9.62078,-1.064,
-2.683567,-9.531379,0.4466095,-2.465836,-10.12424,0.1777334,-1.217411,-11.01,0.007724524,-1.424,-10.23593,-0.634,-2.444,-9.924944,1.086,-0.404,-9.619122,-1.064,
-2.686613,-9.5333,0.443166,-2.470745,-10.12024,0.1600484,-1.217411,-11.01,0.007724524,-1.424,-10.23498,-0.634,-2.444,-9.924479,1.086,-0.404,-9.617877,-1.064,
-2.689094,-9.53476,0.4407647,-2.482678,-10.12091,0.1423811,-1.217411,-11.01,0.007724524,-1.424,-10.23417,-0.634,-2.444,-9.923834,1.086,-0.404,-9.616734,-1.064,
-2.691814,-9.535411,0.4378642,-2.500508,-10.1264,0.1265281,-1.217411,-11.01,0.007724524,-1.424,-10.2334,-0.634,-2.444,-9.922797,1.086,-0.404,-9.615478,-1.064,
-2.694496,-9.536039,0.4349785,-2.519314,-10.13556,0.1185375,-1.217411,-11.01,0.007724524,-1.424,-10.23291,-0.634,-2.444,-9.921533,1.086,-0.404,-9.61445,-1.064,
-2.696746,-9.536469,0.432099,-2.535054,-10.14356,0.1144404,-1.217411,-11.01,0.007724524,-1.424,-10.23273,-0.634,-2.444,-9.920079,1.086,-0.404,-9.613684,-1.064,
-2.699298,-9.53654,0.4301333,-2.551251,-10.14894,0.1098709,-1.217411,-11.01,0.007724524,-1.424,-10.23279,-0.634,-2.444,-9.91881,1.086,-0.404,-9.613274,-1.064,
-2.701417,-9.536527,0.4281831,-2.569514,-10.15392,0.1039603,-1.217411,-11.01,0.007724524,-1.424,-10.23305,-0.634,-2.444,-9.917472,1.086,-0.404,-9.613053,-1.064,
-2.702865,-9.536478,0.4265709,-2.587478,-10.15806,0.09923279,-1.217411,-11.01,0.007724524,-1.424,-10.2335,-0.634,-2.444,-9.916092,1.086,-0.404,-9.613027,-1.064,
-2.704257,-9.536707,0.4253547,-2.602831,-10.16022,0.09575236,-1.217411,-11.01,0.007724524,-1.424,-10.23413,-0.634,-2.444,-9.914697,1.086,-0.404,-9.613194,-1.064,
-2.706298,-9.536846,0.4238582,-2.616902,-10.1611,0.09226501,-1.217411,-11.01,0.007724524,-1.424,-10.23492,-0.634,-2.444,-9.913314,1.086,-0.404,-9.613553,-1.064,
-2.7087,-9.536633,0.4228609,-2.629927,-10.16063,0.08857715,-1.217411,-11.01,0.007724524,-1.424,-10.23613,-0.634,-2.444,-9.911642,1.086,-0.404,-9.61426,-1.064,
-2.709828,-9.536596,0.4223337,-2.645347,-10.16071,0.08486831,-1.217411,-11.01,0.007724524,-1.424,-10.23724,-0.634,-2.444,-9.910383,1.086,-0.404,-9.615017,-1.064,
-2.711828,-9.535847,0.4225094,-2.657811,-10.16034,0.08290434,-1.217411,-11.01,0.007724524,-1.424,-10.23878,-0.634,-2.444,-9.908947,1.086,-0.404,-9.616181,-1.064,
-2.712588,-9.535563,0.4226611,-2.669101,-10.16042,0.08186901,-1.217411,-11.01,0.007724524,-1.424,-10.24009,-0.634,-2.444,-9.907935,1.086,-0.404,-9.617264,-1.064,
-2.712661,-9.535296,0.4224789,-2.676994,-10.16128,0.08216703,-1.217411,-11.01,0.007724524,-1.424,-10.24181,-0.634,-2.444,-9.906874,1.086,-0.404,-9.618773,-1.064,
-2.712668,-9.534992,0.4224674,-2.683027,-10.16328,0.08515966,-1.217411,-11.01,0.007724524,-1.424,-10.2432,-0.634,-2.444,-9.906208,1.086,-0.404,-9.620074,-1.064,
-2.711693,-9.534648,0.4230965,-2.679152,-10.16355,0.09276688,-1.217411,-11.01,0.007724524,-1.424,-10.24527,-0.634,-2.444,-9.905545,1.086,-0.404,-9.622126,-1.064,
-2.710059,-9.534361,0.4234977,-2.668765,-10.16206,0.1021966,-1.217411,-11.01,0.007724524,-1.424,-10.24691,-0.634,-2.444,-9.905317,1.086,-0.404,-9.623869,-1.064,
-2.707527,-9.533445,0.4242691,-2.657748,-10.15988,0.110893,-1.217411,-11.01,0.007724524,-1.424,-10.24813,-0.634,-2.444,-9.905354,1.086,-0.404,-9.625247,-1.064,
-2.704345,-9.531996,0.4256763,-2.648931,-10.15948,0.116731,-1.217411,-11.01,0.007724524,-1.424,-10.24951,-0.634,-2.444,-9.905672,1.086,-0.404,-9.626905,-1.064,
-2.699059,-9.529992,0.4283541,-2.635973,-10.1627,0.1243285,-1.217411,-11.01,0.007724524,-1.424,-10.25047,-0.634,-2.444,-9.906137,1.086,-0.404,-9.62815,-1.064,
-2.693962,-9.528605,0.4328887,-2.625256,-10.16382,0.1263276,-1.217411,-11.01,0.007724524,-1.424,-10.25177,-0.634,-2.444,-9.907375,1.086,-0.404,-9.630073,-1.064,
-2.690498,-9.526591,0.4361014,-2.613582,-10.16267,0.1269823,-1.217411,-11.01,0.007724524,-1.424,-10.25246,-0.634,-2.444,-9.908814,1.086,-0.404,-9.631392,-1.064,
-2.68845,-9.525481,0.4375107,-2.603179,-10.16228,0.1298709,-1.217411,-11.01,0.007724524,-1.424,-10.25268,-0.634,-2.444,-9.909936,1.086,-0.404,-9.63207,-1.064,
-2.686574,-9.52435,0.4387641,-2.593665,-10.16279,0.1318516,-1.217411,-11.01,0.007724524,-1.424,-10.25269,-0.634,-2.444,-9.911482,1.086,-0.404,-9.632668,-1.064,
-2.683841,-9.522408,0.4421754,-2.583419,-10.16384,0.1353987,-1.217411,-11.01,0.007724524,-1.424,-10.25248,-0.634,-2.444,-9.912805,1.086,-0.404,-9.632936,-1.064,
-2.681914,-9.520041,0.4450989,-2.573112,-10.1649,0.1408645,-1.217411,-11.01,0.007724524,-1.424,-10.25194,-0.634,-2.444,-9.914524,1.086,-0.404,-9.633,-1.064,
-2.68017,-9.517406,0.4472579,-2.563059,-10.16502,0.1449602,-1.217411,-11.01,0.007724524,-1.424,-10.25113,-0.634,-2.444,-9.916267,1.086,-0.404,-9.632761,-1.064,
-2.679146,-9.515448,0.4492472,-2.552171,-10.16409,0.1473731,-1.217411,-11.01,0.007724524,-1.424,-10.2503,-0.634,-2.444,-9.917644,1.086,-0.404,-9.632356,-1.064,
-2.678552,-9.51392,0.451808,-2.543609,-10.16364,0.1480422,-1.217411,-11.01,0.007724524,-1.424,-10.24905,-0.634,-2.444,-9.919296,1.086,-0.404,-9.631594,-1.064,
-2.678375,-9.512638,0.4536438,-2.536815,-10.16399,0.1486483,-1.217411,-11.01,0.007724524,-1.424,-10.24791,-0.634,-2.444,-9.920533,1.086,-0.404,-9.630795,-1.064,
-2.678293,-9.510844,0.4554421,-2.530375,-10.16463,0.1497682,-1.217411,-11.01,0.007724524,-1.424,-10.24667,-0.634,-2.444,-9.921669,1.086,-0.404,-9.629846,-1.064,
-2.677787,-9.508148,0.4592968,-2.523074,-10.16586,0.1510168,-1.217411,-11.01,0.007724524,-1.424,-10.24535,-0.634,-2.444,-9.922681,1.086,-0.404,-9.628763,-1.064,
-2.67801,-9.50681,0.4617696,-2.518194,-10.16763,0.1524283,-1.217411,-11.01,0.007724524,-1.424,-10.24364,-0.634,-2.444,-9.923742,1.086,-0.404,-9.627254,-1.064,
-2.678189,-9.505358,0.4660714,-2.513312,-10.16957,0.1529511,-1.217411,-11.01,0.007724524,-1.424,-10.24189,-0.634,-2.444,-9.924547,1.086,-0.404,-9.625618,-1.064,
-2.678349,-9.504887,0.4684069,-2.508362,-10.17201,0.1524925,-1.217411,-11.01,0.007724524,-1.424,-10.24018,-0.634,-2.444,-9.925071,1.086,-0.404,-9.623901,-1.064,
-2.67917,-9.503462,0.4720979,-2.505223,-10.17606,0.1518022,-1.217411,-11.01,0.007724524,-1.424,-10.23853,-0.634,-2.444,-9.925299,1.086,-0.404,-9.622158,-1.064,
-2.679687,-9.503186,0.4754531,-2.50345,-10.18064,0.1511214,-1.217411,-11.01,0.007724524,-1.424,-10.23674,-0.634,-2.444,-9.925171,1.086,-0.404,-9.620106,-1.064,
-2.679799,-9.503101,0.4772389,-2.500463,-10.18418,0.1501299,-1.217411,-11.01,0.007724524,-1.424,-10.23544,-0.634,-2.444,-9.924734,1.086,-0.404,-9.618488,-1.064,
-2.680043,-9.503031,0.4800782,-2.495296,-10.1847,0.1497442,-1.217411,-11.01,0.007724524,-1.424,-10.23436,-0.634,-2.444,-9.924011,1.086,-0.404,-9.617008,-1.064,
-2.679867,-9.503252,0.4797348,-2.488226,-10.18374,0.1514862,-1.217411,-11.01,0.007724524,-1.424,-10.2334,-0.634,-2.444,-9.922797,1.086,-0.404,-9.615478,-1.064,
-2.680478,-9.505363,0.4782863,-2.482228,-10.183,0.1519476,-1.217411,-11.01,0.007724524,-1.424,-10.23285,-0.634,-2.444,-9.921256,1.086,-0.404,-9.614275,-1.064,
-2.680567,-9.506216,0.4777567,-2.477137,-10.18139,0.1520394,-1.217411,-11.01,0.007724524,-1.424,-10.23272,-0.634,-2.444,-9.919769,1.086,-0.404,-9.613564,-1.064,
-2.680282,-9.507007,0.4756081,-2.471859,-10.17919,0.1525456,-1.217411,-11.01,0.007724524,-1.424,-10.23297,-0.634,-2.444,-9.917811,1.086,-0.404,-9.613091,-1.064,
-2.680147,-9.507965,0.4731207,-2.468877,-10.1786,0.1518942,-1.217411,-11.01,0.007724524,-1.424,-10.23337,-0.634,-2.444,-9.916439,1.086,-0.404,-9.613015,-1.064,
-2.680561,-9.510627,0.4704752,-2.468673,-10.17852,0.1520965,-1.217411,-11.01,0.007724524,-1.424,-10.23431,-0.634,-2.444,-9.914349,1.086,-0.404,-9.613266,-1.064,
-1.698599,-9.472006,-0.2340538,-1.487874,-10.13847,-0.5528614,-0.2354935,-10.97,-0.6974035,-1.424,-10.23538,-0.634,-2.444,-9.912635,1.086,-0.404,-9.613802,-1.064,
-1.697189,-9.472148,-0.2332655,-1.489747,-10.13905,-0.5525052,-0.2354935,-10.97,-0.6974035,-1.424,-10.2364,-0.634,-2.444,-9.91132,1.086,-0.404,-9.614433,-1.064,
-1.695756,-9.471648,-0.233099,-1.492803,-10.13986,-0.5530102,-0.2354935,-10.97,-0.6974035,-1.424,-10.23754,-0.634,-2.444,-9.910083,1.086,-0.404,-9.615232,-1.064,
-1.695066,-9.472033,-0.2335928,-1.49677,-10.14129,-0.5551824,-0.2354935,-10.97,-0.6974035,-1.424,-10.23878,-0.634,-2.444,-9.908947,1.086,-0.404,-9.616181,-1.064,
-1.694466,-9.47301,-0.2347754,-1.501142,-10.1428,-0.5569933,-0.2354935,-10.97,-0.6974035,-1.424,-10.24009,-0.634,-2.444,-9.907935,1.086,-0.404,-9.617264,-1.064,
-1.693353,-9.475065,-0.2354136,-1.50631,-10.14508,-0.5578417,-0.2354935,-10.97,-0.6974035,-1.424,-10.24181,-0.634,-2.444,-9.906874,1.086,-0.404,-9.618773,-1.064,
-1.692308,-9.475505,-0.2353595,-1.510849,-10.14673,-0.5574521,-0.2354935,-10.97,-0.6974035,-1.424,-10.2432,-0.634,-2.444,-9.906208,1.086,-0.404,-9.620074,-1.064,
-1.691704,-9.475646,-0.2351769,-1.514397,-10.14843,-0.5557695,-0.2354935,-10.97,-0.6974035,-1.424,-10.24459,-0.634,-2.444,-9.90572,1.086,-0.404,-9.621432,-1.064,
-1.690759,-9.475576,-0.2351151,-1.517831,-10.15053,-0.5528457,-0.2354935,-10.97,-0.6974035,-1.424,-10.24561,-0.634,-2.444,-9.905476,1.086,-0.404,-9.622474,-1.064,
-1.689622,-9.474722,-0.2356256,-1.520074,-10.1521,-0.5494813,-0.2354935,-10.97,-0.6974035,-1.424,-10.24691,-0.634,-2.444,-9.905317,1.086,-0.404,-9.623869,-1.064,
-1.688732,-9.474221,-0.237075,-1.521002,-10.15298,-0.546638,-0.2354935,-10.97,-0.6974035,-1.424,-10.24784,-0.634,-2.444,-9.905327,1.086,-0.404,-9.624906,-1.064,
-1.688383,-9.474217,-0.2380508,-1.521427,-10.1534,-0.5433657,-0.2354935,-10.97,-0.6974035,-1.424,-10.24898,-0.634,-2.444,-9.905509,1.086,-0.404,-9.626253,-1.064,
-1.688865,-9.474681,-0.2402917,-1.521415,-10.15304,-0.5414513,-0.2354935,-10.97,-0.6974035,-1.424,-10.24976,-0.634,-2.444,-9.905771,1.086,-0.404,-9.627225,-1.064,
-1.68911,-9.476478,-0.2432641,-1.521856,-10.15321,-0.5402463,-0.2354935,-10.97,-0.6974035,-1.424,-10.25068,-0.634,-2.444,-9.906282,1.086,-0.404,-9.628446,-1.064,
-1.689482,-9.479458,-0.2466348,-1.523212,-10.1544,-0.5382864,-0.2354935,-10.97,-0.6974035,-1.424,-10.25145,-0.634,-2.444,-9.906969,1.086,-0.404,-9.629561,-1.064,
-1.688987,-9.482252,-0.2491067,-1.525935,-10.15656,-0.5354802,-0.2354935,-10.97,-0.6974035,-1.424,-10.25191,-0.634,-2.444,-9.907592,1.086,-0.404,-9.630316,-1.064,
-1.68808,-9.483859,-0.2517646,-1.530753,-10.16025,-0.5315883,-0.2354935,-10.97,-0.6974035,-1.424,-10.25246,-0.634,-2.444,-9.908814,1.086,-0.404,-9.631392,-1.064,
-1.687144,-9.485058,-0.2541462,-1.535589,-10.16419,-0.5280687,-0.2354935,-10.97,-0.6974035,-1.424,-10.25264,-0.634,-2.444,-9.909644,1.086,-0.404,-9.631916,-1.064,
-1.687054,-9.485992,-0.2570153,-1.539977,-10.16707,-0.525345,-0.2354935,-10.97,-0.6974035,-1.424,-10.25272,-0.634,-2.444,-9.910847,1.086,-0.404,-9.632463,-1.064,
-1.687096,-9.486485,-0.258359,-1.541899,-10.16833,-0.523353,-0.2354935,-10.97,-0.6974035,-1.424,-10.25261,-0.634,-2.444,-9.912136,1.086,-0.404,-9.632827,-1.064,
-1.686287,-9.486634,-0.2602564,-1.5404,-10.16709,-0.5215862,-0.2354935,-10.97,-0.6974035,-1.424,-10.25239,-0.634,-2.444,-9.913144,1.086,-0.404,-9.632974,-1.064,
-1.684769,-9.486561,-0.2623468,-1.535589,-10.16397,-0.519469,-0.2354935,-10.97,-0.6974035,-1.424,-10.25194,-0.634,-2.444,-9.914524,1.086,-0.404,-9.633,-1.064,
-1.684462,-9.486796,-0.263136,-1.530156,-10.16031,-0.5172543,-0.2354935,-10.97,-0.6974035,-1.424,-10.25149,-0.634,-2.444,-9.91557,1.086,-0.404,-9.632893,-1.064,
-1.683668,-9.48705,-0.2645858,-1.523423,-10.15449,-0.5136053,-0.2354935,-10.97,-0.6974035,-1.424,-10.25094,-0.634,-2.444,-9.916614,1.086,-0.404,-9.632677,-1.064,
-1.683232,-9.487263,-0.2651678,-1.517356,-10.14964,-0.507261,-0.2354935,-10.97,-0.6974035,-1.424,-10.2503,-0.634,-2.444,-9.917644,1.086,-0.404,-9.632356,-1.064,
-1.682505,-9.487606,-0.2661958,-1.511759,-10.14547,-0.4984986,-0.2354935,-10.97,-0.6974035,-1.424,-10.24957,-0.634,-2.444,-9.918647,1.086,-0.404,-9.631931,-1.064,
-1.681606,-9.4879,-0.2669497,-1.503794,-10.13982,-0.4868355,-0.2354935,-10.97,-0.6974035,-1.424,-10.24877,-0.634,-2.444,-9.919614,1.086,-0.404,-9.63141,-1.064,
-1.681433,-9.487681,-0.2674115,-1.49534,-10.13327,-0.4762258,-0.2354935,-10.97,-0.6974035,-1.424,-10.24761,-0.634,-2.444,-9.920828,1.086,-0.404,-9.630571,-1.064,
-1.680704,-9.487399,-0.2679964,-1.486264,-10.12714,-0.4691154,-0.2354935,-10.97,-0.6974035,-1.424,-10.24635,-0.634,-2.444,-9.921935,1.086,-0.404,-9.629586,-1.064,
-1.680034,-9.487082,-0.2684026,-1.479612,-10.12335,-0.4664695,-0.2354935,-10.97,-0.6974035,-1.424,-10.24501,-0.634,-2.444,-9.922913,1.086,-0.404,-9.628474,-1.064,
-1.679352,-9.48686,-0.2681549,-1.474065,-10.12071,-0.4637291,-0.2354935,-10.97,-0.6974035,-1.424,-10.24398,-0.634,-2.444,-9.92355,1.086,-0.404,-9.627568,-1.064,
-1.678976,-9.486274,-0.2674499,-1.470999,-10.11966,-0.4619007,-0.2354935,-10.97,-0.6974035,-1.424,-10.24294,-0.634,-2.444,-9.924096,1.086,-0.404,-9.626613,-1.064,
-1.678545,-9.485909,-0.2671257,-1.469296,-10.11849,-0.4612007,-0.2354935,-10.97,-0.6974035,-1.424,-10.24155,-0.634,-2.444,-9.924675,1.086,-0.404,-9.625279,-1.064,
-1.67835,-9.48524,-0.2663615,-1.467422,-10.11767,-0.4610743,-0.2354935,-10.97,-0.6974035,-1.424,-10.24051,-0.634,-2.444,-9.92499,1.086,-0.404,-9.624249,-1.064,
-1.678082,-9.484439,-0.2656156,-1.466784,-10.11769,-0.4613861,-0.2354935,-10.97,-0.6974035,-1.424,-10.23918,-0.634,-2.444,-9.925243,1.086,-0.404,-9.622855,-1.064,
-0.5966047,-9.48411,-0.5345062,-0.3869692,-10.11967,-0.732183,0.8458393,-10.97,-0.9666651,-1.424,-10.23791,-0.634,-2.444,-9.925304,1.086,-0.404,-9.621466,-1.064,
-0.5968126,-9.483898,-0.5341452,-0.3888942,-10.12095,-0.7336097,0.8458393,-10.97,-0.9666651,-1.424,-10.23702,-0.634,-2.444,-9.925222,1.086,-0.404,-9.620441,-1.064,
-0.5964748,-9.483814,-0.533861,-0.3905789,-10.12349,-0.7347856,0.8458393,-10.97,-0.9666651,-1.424,-10.23619,-0.634,-2.444,-9.925032,1.086,-0.404,-9.619445,-1.064,
-0.59626,-9.483827,-0.5336955,-0.3916346,-10.12489,-0.7352777,0.8458393,-10.97,-0.9666651,-1.424,-10.23544,-0.634,-2.444,-9.924734,1.086,-0.404,-9.618488,-1.064,
-0.596274,-9.484089,-0.5331608,-0.3929628,-10.12575,-0.7358608,0.8458393,-10.97,-0.9666651,-1.424,-10.23476,-0.634,-2.444,-9.924334,1.086,-0.404,-9.617581,-1.064,
-0.5963098,-9.484008,-0.5330526,-0.3932978,-10.12478,-0.7366663,0.8458393,-10.97,-0.9666651,-1.424,-10.23417,-0.634,-2.444,-9.923834,1.086,-0.404,-9.616734,-1.064,
-0.5960916,-9.483958,-0.5328492,-0.3926853,-10.12335,-0.7373651,0.8458393,-10.97,-0.9666651,-1.424,-10.23368,-0.634,-2.444,-9.923241,1.086,-0.404,-9.615954,-1.064,
-0.5960399,-9.48401,-0.5329567,-0.3921436,-10.12091,-0.7383423,0.8458393,-10.97,-0.9666651,-1.424,-10.2334,-0.634,-2.444,-9.922797,1.086,-0.404,-9.615478,-1.064,
-0.596166,-9.484443,-0.5337105,-0.3923384,-10.11936,-0.7392421,0.8458393,-10.97,-0.9666651,-1.424,-10.23299,-0.634,-2.444,-9.921802,1.086,-0.404,-9.614635,-1.064,
-0.5964195,-9.484955,-0.5343509,-0.3932136,-10.1183,-0.7405372,0.8458393,-10.97,-0.9666651,-1.424,-10.2328,-0.634,-2.444,-9.920972,1.086,-0.404,-9.614111,-1.064,
-0.5968577,-9.485533,-0.5362728,-0.3940831,-10.11708,-0.7421778,0.8458393,-10.97,-0.9666651,-1.424,-10.23273,-0.634,-2.444,-9.920079,1.086,-0.404,-9.613684,-1.064,
-0.5969709,-9.486191,-0.5371696,-0.3947734,-10.11643,-0.7434859,0.8458393,-10.97,-0.9666651,-1.424,-10.23276,-0.634,-2.444,-9.919134,1.086,-0.404,-9.613358,-1.064,
-0.5975991,-9.487232,-0.5378727,-0.3966135,-10.11642,-0.7445869,0.8458393,-10.97,-0.9666651,-1.424,-10.2329,-0.634,-2.444,-9.918147,1.086,-0.404,-9.613139,-1.064,
-0.5995723,-9.489597,-0.5407242,-0.3995231,-10.11729,-0.7455792,0.8458393,-10.97,-0.9666651,-1.424,-10.23305,-0.634,-2.444,-9.917472,1.086,-0.404,-9.613053,-1.064,
-0.6009008,-9.490618,-0.5422614,-0.4032084,-10.11812,-0.7469714,0.8458393,-10.97,-0.9666651,-1.424,-10.23337,-0.634,-2.444,-9.916439,1.086,-0.404,-9.613015,-1.064,
-0.6023527,-9.491099,-0.5440208,-0.4077703,-10.11914,-0.7495219,0.8458393,-10.97,-0.9666651,-1.424,-10.23379,-0.634,-2.444,-9.915395,1.086,-0.404,-9.613086,-1.064,
-0.6048073,-9.491369,-0.5463277,-0.4114977,-10.11979,-0.7522609,0.8458393,-10.97,-0.9666651,-1.424,-10.23413,-0.634,-2.444,-9.914697,1.086,-0.404,-9.613194,-1.064,
-0.6064233,-9.491729,-0.5475813,-0.4155937,-10.11882,-0.7564554,0.8458393,-10.97,-0.9666651,-1.424,-10.23471,-0.634,-2.444,-9.913657,1.086,-0.404,-9.613445,-1.064,
-0.6080822,-9.49167,-0.5487448,-0.418924,-10.11683,-0.7609272,0.8458393,-10.97,-0.9666651,-1.424,-10.23538,-0.634,-2.444,-9.912635,1.086,-0.404,-9.613802,-1.064,
-0.6127526,-9.491592,-0.5509497,-0.4233407,-10.11438,-0.7658126,0.8458393,-10.97,-0.9666651,-1.424,-10.23587,-0.634,-2.444,-9.911969,1.086,-0.404,-9.614096,-1.064,
-0.6156644,-9.491281,-0.5516238,-0.4284121,-10.11099,-0.7702404,0.8458393,-10.97,-0.9666651,-1.424,-10.23667,-0.634,-2.444,-9.911002,1.086,-0.404,-9.614617,-1.064,
-0.6182858,-9.490714,-0.5516255,-0.4349431,-10.10714,-0.7737172,0.8458393,-10.97,-0.9666651,-1.424,-10.23754,-0.634,-2.444,-9.910083,1.086,-0.404,-9.615232,-1.064,
-0.6223398,-9.489141,-0.550501,-0.4419507,-10.10274,-0.7770609,0.8458393,-10.97,-0.9666651,-1.424,-10.23814,-0.634,-2.444,-9.9095,1.086,-0.404,-9.615688,-1.064,
-0.6240643,-9.488169,-0.5494844,-0.4476858,-10.09664,-0.7815514,0.8458393,-10.97,-0.9666651,-1.424,-10.2391,-0.634,-2.444,-9.908681,1.086,-0.404,-9.616441,-1.064,
-0.6255592,-9.487001,-0.5479922,-0.4527882,-10.08773,-0.7879627,0.8458393,-10.97,-0.9666651,-1.424,-10.24009,-0.634,-2.444,-9.907935,1.086,-0.404,-9.617264,-1.064,
-0.6268078,-9.485182,-0.5447739,-0.4569472,-10.07642,-0.7953094,0.8458393,-10.97,-0.9666651,-1.424,-10.24112,-0.634,-2.444,-9.907269,1.086,-0.404,-9.618151,-1.064,
-0.6276027,-9.48418,-0.5435055,-0.4627277,-10.06251,-0.8045454,0.8458393,-10.97,-0.9666651,-1.424,-10.24181,-0.634,-2.444,-9.906874,1.086,-0.404,-9.618773,-1.064,
-0.6285716,-9.483208,-0.5420932,-0.4679986,-10.04746,-0.8144794,0.8458393,-10.97,-0.9666651,-1.424,-10.24286,-0.634,-2.444,-9.906359,1.086,-0.404,-9.619742,-1.064,
-0.6297425,-9.481809,-0.539605,-0.4730815,-10.02596,-0.8280883,0.8458393,-10.97,-0.9666651,-1.424,-10.2439,-0.634,-2.444,-9.905941,1.086,-0.404,-9.620748,-1.064,
-0.6301733,-9.481422,-0.5386984,-0.4762796,-10.00637,-0.8413126,0.8458393,-10.97,-0.9666651,-1.424,-10.24493,-0.634,-2.444,-9.905626,1.086,-0.404,-9.621778,-1.064,
-0.6305634,-9.481126,-0.5381396,-0.4798495,-9.982924,-0.8569188,0.8458393,-10.97,-0.9666651,-1.424,-10.24561,-0.634,-2.444,-9.905476,1.086,-0.404,-9.622474,-1.064,
-0.6303951,-9.480658,-0.5378734,-0.4828619,-9.952377,-0.8767755,0.8458393,-10.97,-0.9666651,-1.424,-10.24659,-0.634,-2.444,-9.905339,1.086,-0.404,-9.62352,-1.064,
-0.6293756,-9.480475,-0.5380553,-0.4878205,-9.916325,-0.9032817,0.8458393,-10.97,-0.9666651,-1.424,-10.24753,-0.634,-2.444,-9.905312,1.086,-0.404,-9.624561,-1.064,
-0.6284009,-9.48039,-0.538204,-0.4927593,-9.887337,-0.9252441,0.8458393,-10.97,-0.9666651,-1.424,-10.24842,-0.634,-2.444,-9.905394,1.086,-0.404,-9.625586,-1.064,
-0.6268493,-9.480263,-0.5389541,-0.496986,-9.857424,-0.9470413,0.8458393,-10.97,-0.9666651,-1.424,-10.24925,-0.634,-2.444,-9.905584,1.086,-0.404,-9.626581,-1.064,
-0.6254598,-9.480036,-0.5394651,-0.5014049,-9.825904,-0.9687767,0.8458393,-10.97,-0.9666651,-1.424,-10.24976,-0.634,-2.444,-9.905771,1.086,-0.404,-9.627225,-1.064,
-0.6219517,-9.480053,-0.540512,-0.5043899,-9.792546,-0.9892938,0.8458393,-10.97,-0.9666651,-1.424,-10.25047,-0.634,-2.444,-9.906137,1.086,-0.404,-9.62815,-1.064,
-0.6200308,-9.480128,-0.5412031,-0.5053681,-9.762093,-1.004455,0.8458393,-10.97,-0.9666651,-1.424,-10.25109,-0.634,-2.444,-9.906605,1.086,-0.404,-9.629019,-1.064,
-0.6180276,-9.480599,-0.5418035,-0.504727,-9.734421,-1.016653,0.8458393,-10.97,-0.9666651,-1.424,-10.25145,-0.634,-2.444,-9.906969,1.086,-0.404,-9.629561,-1.064,
-0.6139261,-9.480736,-0.5436395,-0.5033952,-9.705747,-1.028577,0.8458393,-10.97,-0.9666651,-1.424,-10.25191,-0.634,-2.444,-9.907592,1.086,-0.404,-9.630316,-1.064,
-0.6119553,-9.480605,-0.5445567,-0.4996489,-9.673302,-1.039911,0.8458393,-10.97,-0.9666651,-1.424,-10.25216,-0.634,-2.444,-9.908054,1.086,-0.404,-9.630774,-1.064,
-0.6079398,-9.480061,-0.546684,-0.4959303,-9.648027,-1.048457,0.8458393,-10.97,-0.9666651,-1.424,-10.25253,-0.634,-2.444,-9.909083,1.086,-0.404,-9.631577,-1.064,
-0.6044556,-9.479596,-0.5488492,-0.4927198,-9.627055,-1.057042,0.8458393,-10.97,-0.9666651,-1.424,-10.25268,-0.634,-2.444,-9.909936,1.086,-0.404,-9.63207,-1.064,
-0.6026644,-9.479206,-0.5501713,-0.4903632,-9.611954,-1.064219,0.8458393,-10.97,-0.9666651,-1.424,-10.25272,-0.634,-2.444,-9.910847,1.086,-0.404,-9.632463,-1.064,
-0.6008083,-9.479112,-0.5513352,-0.4877294,-9.600734,-1.072358,0.8458393,-10.97,-0.9666651,-1.424,-10.25265,-0.634,-2.444,-9.911807,1.086,-0.404,-9.632753,-1.064,
-0.5992404,-9.478993,-0.5524586,-0.4844567,-9.593156,-1.079739,0.8458393,-10.97,-0.9666651,-1.424,-10.25255,-0.634,-2.444,-9.912469,1.086,-0.404,-9.632888,-1.064,
-0.5952567,-9.478831,-0.5544592,-0.4807762,-9.587408,-1.085774,0.8458393,-10.97,-0.9666651,-1.424,-10.2523,-0.634,-2.444,-9.913486,1.086,-0.404,-9.632998,-1.064,
-0.5932237,-9.478663,-0.5556343,-0.4766346,-9.583789,-1.091025,0.8458393,-10.97,-0.9666651,-1.424,-10.25194,-0.634,-2.444,-9.914524,1.086,-0.404,-9.633,-1.064,
-0.5911645,-9.478808,-0.5566355,-0.4719359,-9.580332,-1.094203,0.8458393,-10.97,-0.9666651,-1.424,-10.25165,-0.634,-2.444,-9.915221,1.086,-0.404,-9.632941,-1.064,
-0.5867807,-9.478746,-0.5590891,-0.4641498,-9.576794,-1.095304,0.8458393,-10.97,-0.9666651,-1.424,-10.25113,-0.634,-2.444,-9.916267,1.086,-0.404,-9.632761,-1.064,
-0.5830866,-9.478495,-0.5619761,-0.4552366,-9.57458,-1.095383,0.8458393,-10.97,-0.9666651,-1.424,-10.25052,-0.634,-2.444,-9.917302,1.086,-0.404,-9.632474,-1.064,
-0.5810555,-9.478593,-0.5632964,-0.4480668,-9.573442,-1.095579,0.8458393,-10.97,-0.9666651,-1.424,-10.24982,-0.634,-2.444,-9.918316,1.086,-0.404,-9.632084,-1.064,
-0.5792915,-9.478662,-0.5649972,-0.4420184,-9.572076,-1.095463,0.8458393,-10.97,-0.9666651,-1.424,-10.24905,-0.634,-2.444,-9.919296,1.086,
-0.5756956,-9.478228,-0.5682261,-0.4355518,-9.570567,-1.096014,0.8458393,-10.97,-0.9666651,-1.424,-10.2482,-0.634,-2.444,-9.920233,1.086,
-0.5727328,-9.478039,-0.5721189,-0.4313744,-9.570365,-1.0976,0.8458393,-10.97,-0.9666651,-1.424,-10.2473,-0.634,-2.444,-9.921116,1.086,
-0.5707792,-9.478259,-0.5736588,-0.4258949,-9.570265,-1.098113,0.8458393,-10.97,-0.9666651,-1.424,-10.24635,-0.634,-2.444,-9.921935,1.086,
-0.5689095,-9.478333,-0.5752388,-0.4173969,-9.569057,-1.095651,0.8458393,-10.97,-0.9666651,-1.424,-10.24535,-0.634,-2.444,-9.922681,1.086,
-0.5648535,-9.477914,-0.5785624,-0.4056207,-9.566845,-1.088677,0.8458393,-10.97,-0.9666651,-1.424,-10.24433,-0.634,-2.444,-9.923347,1.086,
-0.562905,-9.477471,-0.5797416,-0.3940402,-9.564007,-1.07935,0.8458393,-10.97,-0.9666651,-1.424,-10.24329,-0.634,-2.444,-9.923924,1.086,
-0.5604285,-9.476328,-0.5800074,-0.3821329,-9.560501,-1.06826,0.8458393,-10.97,-0.9666651,-1.424,-10.24224,-0.634,-2.444,-9.924408,1.086,
-0.5536827,-9.472376,-0.5798887,-0.3704649,-9.557672,-1.056317,0.8458393,-10.97,-0.9666651,-1.424,-10.24155,-0.634,-2.444,-9.924675,1.086,
-0.5502902,-9.470024,-0.5788685,-0.3582772,-9.555763,-1.044247,0.8458393,-10.97,-0.9666651,-1.424,-10.24086,-0.634,-2.444,-9.924896,1.086,
-0.5466477,-9.46805,-0.5772341,-0.3446733,-9.555144,-1.030422,0.8458393,-10.97,-0.9666651,-1.424,-10.23984,-0.634,-2.444,-9.92514,1.086,
-0.5432535,-9.466428,-0.5752823,-0.3306829,-9.554723,-1.016277,0.8458393,-10.97,-0.9666651,-1.424,-10.23918,-0.634,-2.444,-9.925243,1.086,
-0.5395976,-9.46464,-0.5729203,-0.3163937,-9.555147,-1.0021,0.8458393,-10.97,-0.9666651,-1.424,-10.23822,-0.634,-2.444,-9.925307,1.086,
-0.5336965,-9.46196,-0.569073,-0.3025969,-9.556628,-0.9887743,0.8458393,-10.97,-0.9666651,-1.424,-10.23761,-0.634,-2.444,-9.925289,1.086,
-0.5309292,-9.461212,-0.567258,-0.2866272,-9.558729,-0.9735419,0.8458393,-10.97,-0.9666651,-1.424,-10.23674,-0.634,-2.444,-9.925171,1.086,
-0.5284861,-9.460878,-0.5655545,-0.2711946,-9.560942,-0.9583138,0.8458393,-10.97,-0.9666651,-1.424,-10.23593,-0.634,-2.444,-9.924944,1.086,
-0.5247046,-9.459833,-0.5624706,-0.2549578,-9.563375,-0.9424801,0.8458393,-10.97,-0.9666651,-1.424,-10.2352,-0.634,-2.444,-9.924612,1.086,
-0.5236686,-9.459062,-0.5612109,-0.2400342,-9.565541,-0.9261744,0.8458393,-10.97,-0.9666651,-1.424,-10.23456,-0.634,-2.444,-9.924178,1.086,
-0.5224603,-9.458022,-0.5584691,-0.2258087,-9.567037,-0.9093641,0.8458393,-10.97,-0.9666651,-1.424,-10.23417,-0.634,-2.444,-9.923834,1.086,
-0.5220889,-9.457435,-0.5575243,-0.2122084,-9.568853,-0.8919255,0.8458393,-10.97,-0.9666651,-1.424,-10.23368,-0.634,-2.444,-9.923241,1.086,
-0.5231756,-9.455484,-0.5561892,-0.1979793,-9.570869,-0.8719778,0.8458393,-10.97,-0.9666651,-1.424,-10.23328,-0.634,-2.444,-9.922562,1.086,
-0.5262669,-9.454351,-0.5557506,-0.1845955,-9.573785,-0.849316,0.8458393,-10.97,-0.9666651,-1.424,-10.23291,-0.634,-2.444,-9.921533,1.086,
-0.5280484,-9.454449,-0.5555333,-0.1733509,-9.576697,-0.8265564,0.8458393,-10.97,-0.9666651,-1.424,-10.23276,-0.634,-2.444,-9.92068,1.086,
-0.5313612,-9.454747,-0.5562252,-0.1642727,-9.57905,-0.8062167,0.8458393,-10.97,-0.9666651,-1.424,-10.23273,-0.634,-2.444,-9.919455,1.086,
-0.5326604,-9.455397,-0.5561181,-0.1563131,-9.581254,-0.7848681,0.8458393,-10.97,-0.9666651,-1.424,-10.23284,-0.634,-2.444,-9.91848,1.086,
-0.5341684,-9.456144,-0.5552241,-0.1490828,-9.582587,-0.7638048,0.8458393,-10.97,-0.9666651,-1.424,-10.23305,-0.634,-2.444,-9.917472,1.086,
-0.5341672,-9.456157,-0.5538646,-0.1431135,-9.583751,-0.7419698,0.8458393,-10.97,-0.9666651,-1.424,-10.23337,-0.634,-2.444,-9.916439,1.086,
-0.5337569,-9.456712,-0.5501002,-0.1375827,-9.585031,-0.7202929,0.8458393,-10.97,-0.9666651,-1.424,-10.23379,-0.634,-2.444,-9.915395,1.086,
-0.5334867,-9.456422,-0.5458313,-0.1326662,-9.585714,-0.6991642,0.8458393,-10.97,-0.9666651,-1.424,-10.23431,-0.634,-2.444,-9.914349,1.086,
-0.5336174,-9.456389,-0.5439962,-0.1290723,-9.586632,-0.6775435,0.8458393,-10.97,-0.9666651,-1.424,-10.23492,-0.634,-2.444,-9.913314,1.086,
-0.5325068,-9.45673,-0.5402973,-0.1265067,-9.587807,-0.6579723,0.8458393,-10.97,-0.9666651,-1.424,-10.23562,-0.634,-2.444,-9.9123,1.086,
-0.531664,-9.457278,-0.5386794,-0.1244935,-9.589166,-0.6367303,0.8458393,-10.97,-0.9666651,-1.424,-10.23667,-0.634,-2.444,-9.911002,1.086,
-0.5299255,-9.458813,-0.5362123,-0.1232723,-9.589906,-0.6175194,0.8458393,-10.97,-0.9666651,-1.424,-10.23754,-0.634,-2.444,-9.910083,1.086,
-0.5285126,-9.460004,-0.5346425,-0.1226734,-9.590041,-0.598865,0.8458393,-10.97,-0.9666651,-1.424,-10.23846,-0.634,-2.444,-9.90922,1.086,
-0.5254723,-9.462605,-0.5315379,-0.1213228,-9.589636,-0.5795341,0.8458393,-10.97,-0.9666651,-1.424,-10.23943,-0.634,-2.444,-9.908424,1.086,
-0.5236837,-9.463585,-0.5293859,-0.1204804,-9.588925,-0.5614269,0.8458393,-10.97,-0.9666651,-1.424,-10.24043,-0.634,-2.444,-9.907703,1.086,
-0.5188404,-9.464677,-0.524074,-0.1191484,-9.588205,-0.5432482,0.8458393,-10.97,-0.9666651,-1.424,-10.24112,-0.634,-2.444,-9.907269,1.086,
-0.5162114,-9.465094,-0.520514,-0.1181046,-9.587139,-0.5231006,0.8458393,-10.97,-0.9666651,-1.424,-10.24251,-0.634,-2.444,-9.90652,1.086,
-0.511952,-9.465036,-0.5139971,-0.1168214,-9.585978,-0.5062356,0.8458393,-10.97,-0.9666651,-1.424,-10.24355,-0.634,-2.444,-9.906069,1.086,
-0.5072175,-9.464684,-0.5057164,-0.1148709,-9.583928,-0.4906027,0.8458393,-10.97,-0.9666651,-1.424,-10.24459,-0.634,-2.444,-9.90572,1.086,
-0.504809,-9.464659,-0.5012897,-0.1120533,-9.581684,-0.4776236,0.8458393,-10.97,-0.9666651,-1.424,-10.24561,-0.634,-2.444,-9.905476,1.086,
-0.5019757,-9.46492,-0.4969261,-0.107062,-9.579258,-0.4649105,0.8458393,-10.97,-0.9666651,-1.424,-10.24659,-0.634,-2.444,-9.905339,1.086,
-0.4957019,-9.465641,-0.4877454,-0.1019217,-9.576817,-0.4529898,0.8458393,-10.97,-0.9666651,-1.424,-10.24753,-0.634,-2.444,-9.905312,1.086,
-0.4921483,-9.465972,-0.4827077,-0.0953356,-9.573747,-0.4401249,0.8458393,-10.97,-0.9666651,-1.424,-10.24842,-0.634,-2.444,-9.905394,1.086,
-0.4849004,-9.467012,-0.4718946,-0.08728778,-9.56951,-0.4266217,0.8458393,-10.97,-0.9666651,-1.424,-10.24925,-0.634,-2.444,-9.905584,1.086,
-0.4771477,-9.467584,-0.4600606,-0.07864416,-9.565269,-0.4149801,0.8458393,-10.97,-0.9666651,-1.424,-10.25001,-0.634,-2.444,-9.905882,1.086,
-0.4731835,-9.467813,-0.4538804,-0.06825793,-9.560062,-0.4017692,0.8458393,-10.97,-0.9666651,-1.424,-10.25068,-0.634,-2.444,-9.906282,1.086,
-0.4651099,-9.468731,-0.4404505,-0.05630934,-9.554102,-0.387416,0.8458393,-10.97,-0.9666651,-1.424,-10.25145,-0.634,-2.444,-9.906969,1.086,
-0.4610823,-9.468769,-0.4337567,-0.04587376,-9.548395,-0.3749034,0.8458393,-10.97,-0.9666651,-1.424,-10.25191,-0.634,-2.444,-9.907592,1.086,
-0.4530619,-9.467348,-0.4190612,-0.03304017,-9.541226,-0.3602338,0.8458393,-10.97,-0.9666651,-1.424,-10.25227,-0.634,-2.444,-9.908299,1.086,
-0.4450876,-9.464316,-0.4035357,-0.02125108,-9.534045,-0.3461626,0.8458393,-10.97,-0.9666651,-1.424,-10.25253,-0.634,-2.444,-9.909083,1.086,
-0.4407502,-9.461565,-0.3955514,-0.008906484,-9.526814,-0.3317353,0.8458393,-10.97,-0.9666651,-1.424,-10.25271,-0.634,-2.444,-9.910233,1.086,
-0.4322079,-9.45654,-0.3798052,0.002832055,-9.521179,-0.3178699,0.8458393,-10.97,-0.9666651,-1.424,-10.25271,-0.634,-2.444,-9.911161,1.086,
-0.4280094,-9.454585,-0.3721744,0.01414812,-9.516669,-0.3055542,0.8458393,-10.97,-0.9666651,-1.424,-10.25261,-0.634,-2.444,-9.912136,1.086,
-0.4194742,-9.451347,-0.3586816,0.02541506,-9.512412,-0.2933416,0.8458393,-10.97,-0.9666651,-1.424,-10.2523,-0.634,-2.444,-9.913486,1.086,
-0.4113046,-9.450261,-0.3461896,0.03625166,-9.508905,-0.2806013,0.8458393,-10.97,-0.9666651,-1.424,-10.25194,-0.634,-2.444,-9.914524,1.086,
-0.4071015,-9.450072,-0.3402895,0.04636252,-9.505926,-0.2698809,0.8458393,-10.97,-0.9666651,-1.424,-10.25149,-0.634,-2.444,-9.91557,1.086,
-0.3985838,-9.448785,-0.3295408,0.0570761,-9.503532,-0.2597024,0.8458393,-10.97,-0.9666651,-1.424,-10.25094,-0.634,-2.444,-9.916614,1.086,
-0.3943301,-9.447621,-0.3246146,0.06834066,-9.500689,-0.2495735,0.8458393,-10.97,-0.9666651,-1.424,-10.2503,-0.634,-2.444,-9.917644,1.086,
-0.3843466,-9.446544,-0.314661,0.07901037,-9.498203,-0.2415285,0.8458393,-10.97,-0.9666651,-1.424,-10.24957,-0.634,-2.444,-9.918647,1.086,
-0.3790566,-9.446508,-0.3099283,0.09283292,-9.494523,-0.2319474,0.8458393,-10.97,-0.9666651,-1.424,-10.24877,-0.634,-2.444,-9.919614,1.086,
-0.3668581,-9.449057,-0.3024242,0.1061596,-9.490996,-0.224081,0.8458393,-10.97,-0.9666651,-1.424,-10.24791,-0.634,-2.444,-9.920533,1.086,
-0.360994,-9.450542,-0.2993398,0.1203693,-9.486965,-0.2170839,0.8458393,-10.97,-0.9666651,-1.424,-10.24699,-0.634,-2.444,-9.921396,1.086,
-0.3488849,-9.45412,-0.2931906,0.1357156,-9.48207,-0.210072,0.8458393,-10.97,-0.9666651,-1.424,-10.24602,-0.634,-2.444,-9.922192,1.086,
-0.342383,-9.455474,-0.290484,0.1509613,-9.477226,-0.2033308,0.8458393,-10.97,-0.9666651,-1.424,-10.24501,-0.634,-2.444,-9.922913,1.086,
-0.3355314,-9.456563,-0.287714,0.1676852,-9.472848,-0.1964247,0.8458393,-10.97,-0.9666651,-1.424,-10.24433,-0.634,-2.444,-9.923347,1.086,
-0.3207716,-9.457575,-0.2832288,0.1853257,-9.468536,-0.1894062,0.8458393,-10.97,-0.9666651,-1.424,-10.24329,-0.634,-2.444,-9.923924,1.086,
-0.3130842,-9.458416,-0.2808425,0.2039121,-9.463735,-0.1814244,0.8458393,-10.97,-0.9666651,-1.424,-10.24189,-0.634,-2.444,-9.924547,1.086,
-0.2970148,-9.459907,-0.2773713,0.2203978,-9.458848,-0.1753652,0.8458393,-10.97,-0.9666651,-1.424,-10.2412,-0.634,-2.444,-9.924791,1.086,
-0.289054,-9.460094,-0.2757883,0.239477,-9.453215,-0.167896,0.8458393,-10.97,-0.9666651,-1.424,-10.24018,-0.634,-2.444,-9.925071,1.086,
-0.2716123,-9.459245,-0.2719039,0.2580513,-9.447281,-0.1599925,0.8458393,-10.97,-0.9666651,-1.424,-10.23918,-0.634,-2.444,-9.925243,1.086,
-0.2629186,-9.458521,-0.2698582,0.276131,-9.441912,-0.1507828,0.8458393,-10.97,-0.9666651,-1.424,-10.23822,-0.634,-2.444,-9.925307,1.086,
-0.2452339,-9.455886,-0.2655714,0.2923483,-9.438076,-0.1411532,0.8458393,-10.97,-0.9666651,-1.424,-10.23731,-0.634,-2.444,-9.925261,1.086,
-0.2364155,-9.454052,-0.2627559,0.3092045,-9.435101,-0.1297694,0.8458393,-10.97,-0.9666651,-1.424,-10.23646,-0.634,-2.444,-9.925107,1.086,
-0.2179796,-9.451414,-0.2558788,0.3257471,-9.432902,-0.1183829,0.8458393,-10.97,-0.9666651,-1.424,-10.23568,-0.634,-2.444,-9.924845,1.086,
-0.2088948,-9.450243,-0.252394,0.3420933,-9.431309,-0.1083533,0.8458393,-10.97,-0.9666651,-1.424,-10.23498,-0.634,-2.444,-9.924479,1.086,
-0.1915318,-9.449162,-0.2465533,0.3605384,-9.429016,-0.09894371,0.8458393,-10.97,-0.9666651,-1.424,-10.23436,-0.634,-2.444,-9.924011,1.086,
-0.1830343,-9.448656,-0.2438885,0.3766552,-9.426733,-0.09182906,0.8458393,-10.97,-0.9666651,-1.424,-10.23383,-0.634,-2.444,-9.923449,1.086,
-0.1667942,-9.448993,-0.2395836,0.3942589,-9.424387,-0.08446914,0.8458393,-10.97,-0.9666651,-1.424,-10.2334,-0.634,-2.444,-9.922797,1.086,
-0.1588689,-9.448642,-0.2374519,0.4135538,-9.421268,-0.0771907,0.8458393,-10.97,-0.9666651,-1.424,-10.23307,-0.634,-2.444,-9.922064,1.086,
-0.1425916,-9.447889,-0.2328016,0.4323996,-9.417975,-0.070234,0.8458393,-10.97,-0.9666651,-1.424,-10.2328,-0.634,-2.444,-9.920972,1.086,
-0.1268646,-9.447095,-0.2275727,0.4534732,-9.415214,-0.06586814,0.8458393,-10.97,-0.9666651,-1.424,-10.23272,-0.634,-2.444,-9.919769,1.086,
-0.1115042,-9.44631,-0.2219106,0.4739689,-9.413259,-0.06289649,0.8458393,-10.97,-0.9666651,-1.424,-10.23279,-0.634,-2.444,-9.91881,1.086,
-0.1005205,-9.4459,-0.2169722,0.4903089,-9.412161,-0.06023854,0.8458393,-10.97,-0.9666651,-1.424,-10.23297,-0.634,-2.444,-9.917811,1.086,
-0.08993733,-9.446065,-0.2128025,0.5056833,-9.411002,-0.05922699,0.8458393,-10.97,-0.9666651,-1.424,-10.23337,-0.634,-2.444,-9.916439,1.086,
-0.08350527,-9.446509,-0.2103828,0.5188524,-9.410241,-0.0603143,0.8458393,-10.97,-0.9666651,-1.424,-10.23379,-0.634,-2.444,-9.915395,1.086,
-0.07249582,-9.447758,-0.2072576,0.5304519,-9.410495,-0.06062806,0.8458393,-10.97,-0.9666651,-1.424,-10.23431,-0.634,-2.444,-9.914349,1.086,
-0.06778657,-9.448697,-0.2062862,0.5380715,-9.411026,-0.05906242,0.8458393,-10.97,-0.9666651,-1.424,-10.23492,-0.634,-2.444,-9.913314,1.086,
-0.05999386,-9.450232,-0.2050905,0.5455354,-9.410838,-0.05909425,0.8458393,-10.97,-0.9666651,-1.424,-10.23562,-0.634,-2.444,-9.9123,1.086,
-0.05405533,-9.451755,-0.2046155,0.5517093,-9.410219,-0.06091315,0.8458393,-10.97,-0.9666651,-1.424,-10.2364,-0.634,-2.444,-9.91132,1.086,
-0.05199897,-9.452303,-0.2042996,0.5566052,-9.411037,-0.06386679,0.8458393,-10.97,-0.9666651,-1.424,-10.23724,-0.634,-2.444,-9.910383,1.086,
-0.04902518,-9.45361,-0.2040466,0.5583156,-9.41399,-0.06514519,0.8458393,-10.97,-0.9666651,-1.424,-10.23846,-0.634,-2.444,-9.90922,1.086,
-0.04848468,-9.455091,-0.2048023,0.5577098,-9.418126,-0.06706303,0.8458393,-10.97,-0.9666651,-1.424,-10.23976,-0.634,-2.444,-9.908175,1.086,
-0.04989803,-9.456461,-0.2058605,0.5547541,-9.422376,-0.06865293,0.8458393,-10.97,-0.9666651,-1.424,-10.24112,-0.634,-2.444,-9.907269,1.086,
-0.05321229,-9.457312,-0.2077833,0.5503544,-9.427677,-0.0697704,0.8458393,-10.97,-0.9666651,-1.424,-10.24216,-0.634,-2.444,-9.906692,1.086,
-0.0557493,-9.457312,-0.2090729,0.5416344,-9.436023,-0.0720644,0.8458393,-10.97,-0.9666651,-1.424,-10.24355,-0.634,-2.444,-9.906069,1.086,
-0.06166685,-9.457516,-0.2114028,0.5322551,-9.443976,-0.07308251,0.8458393,-10.97,-0.9666651,-1.424,-10.24459,-0.634,-2.444,-9.90572,1.086,
-0.06905091,-9.458833,-0.2137884,0.5151798,-9.455601,-0.0760532,0.8458393,-10.97,-0.9666651,-1.424,-10.24594,-0.634,-2.444,-9.905417,1.086,
-0.07354796,-9.459813,-0.2154409,0.4967822,-9.469889,-0.07681525,0.8458393,-10.97,-0.9666651,-1.424,-10.24691,-0.634,-2.444,-9.905317,1.086,
-0.08513916,-9.46099,-0.2177452,0.4726948,-9.48737,-0.07525009,0.8458393,-10.97,-0.9666651,-1.424,-10.24784,-0.634,-2.444,-9.905327,1.086,
-0.099635,-9.461726,-0.2180122,0.4460937,-9.509592,-0.06755471,0.8458393,-10.97,-0.9666651,-1.424,-10.24871,-0.634,-2.444,-9.905445,1.086,
-0.1081218,-9.462214,-0.2178949,0.4097351,-9.540182,-0.05934602,0.8458393,-10.97,-0.9666651,-1.424,-10.24976,-0.634,-2.444,-9.905771,1.086,
-0.1271931,-9.4626,-0.2174965,0.3707408,-9.57863,-0.04739392,0.8458393,-10.97,-0.9666651,-1.424,-10.25047,-0.634,-2.444,-9.906137,1.086,
-0.1480056,-9.463313,-0.2176219,0.3312541,-9.621324,-0.03541064,0.8458393,-10.97,-0.9666651,-1.424,-10.25109,-0.634,-2.444,-9.906605,1.086,
-0.1588289,-9.463606,-0.2179562,0.2893008,-9.671567,-0.02141672,0.8458393,-10.97,-0.9666651,-1.424,-10.25177,-0.634,-2.444,-9.907375,1.086,
-0.1804577,-9.464841,-0.2194465,0.2430047,-9.729541,-0.00840795,0.8458393,-10.97,-0.9666651,-1.424,-10.25216,-0.634,-2.444,-9.908054,1.086,
-0.2025064,-9.466178,-0.2228775,0.1925901,-9.792315,0.001767039,0.8458393,-10.97,-0.9666651,-1.424,-10.25246,-0.634,-2.444,-9.908814,1.086,
-0.2135612,-9.466656,-0.2256582,0.1332206,-9.860158,0.005348742,0.8458393,-10.97,-0.9666651,-1.424,-10.25268,-0.634,-2.444,-9.909936,1.086,
-0.2342738,-9.466996,-0.2326213,0.07700932,-9.918402,-0.0002740026,0.8458393,-10.97,-0.9666651,-1.424,-10.25272,-0.634,-2.444,-9.910847,1.086,
-0.254083,-9.466926,-0.2405138,0.01768315,-9.969695,-0.01002222,0.8458393,-10.97,-0.9666651,-1.424,-10.25261,-0.634,-2.444,-9.912136,1.086,
-0.2703472,-9.466472,-0.2476083,-0.03439677,-10.00028,-0.01975137,0.8458393,-10.97,-0.9666651,-1.424,-10.2523,-0.634,-2.444,-9.913486,1.086,
-0.2851645,-9.466207,-0.2561778,-0.08439887,-10.01982,-0.02817911,0.8458393,-10.97,-0.9666651,-1.424,-10.2518,-0.634,-2.444,-9.914872,1.086,
-0.2917694,-9.466157,-0.2604063,-0.1316575,-10.0297,-0.03421152,0.8458393,-10.97,-0.9666651,-1.424,-10.25132,-0.634,-2.444,-9.915919,1.086,
-0.3045157,-9.46616,-0.2682973,-0.1744241,-10.03222,-0.04029685,0.8458393,-10.97,-0.9666651,-1.424,-10.25073,-0.634,-2.444,-9.916959,1.086,
-0.3164142,-9.466374,-0.2755293,-0.2130724,-10.02897,-0.04397553,0.8458393,-10.97,-0.9666651,-1.424,-10.24982,-0.634,-2.444,-9.918316,1.086,
-0.3220187,-9.46691,-0.2788719,-0.2457725,-10.0229,-0.04487753,0.8458393,-10.97,-0.9666651,-1.424,-10.24905,-0.634,-2.444,-9.919296,1.086,
-0.3314537,-9.467962,-0.2856141,-0.273646,-10.01763,-0.0442329,0.8458393,-10.97,-0.9666651,-1.424,-10.2482,-0.634,-2.444,-9.920233,1.086,
-0.3356539,-9.468511,-0.288838,-0.2997583,-10.01338,-0.04570585,0.8458393,-10.97,-0.9666651,-1.424,-10.2473,-0.634,-2.444,-9.921116,1.086,
-0.343094,-9.469282,-0.2949446,-0.3218991,-10.01066,-0.04845226,0.8458393,-10.97,-0.9666651,-1.424,-10.24635,-0.634,-2.444,-9.921935,1.086,
-0.3457123,-9.469179,-0.2978252,-0.3485857,-10.01143,-0.05358458,0.8458393,-10.97,-0.9666651,-1.424,-10.24535,-0.634,-2.444,-9.922681,1.086,
-0.3502251,-9.468908,-0.3046776,-0.3731486,-10.01126,-0.0581522,0.8458393,-10.97,-0.9666651,-1.424,-10.24433,-0.634,-2.444,-9.923347,1.086,
-0.3535229,-9.468946,-0.3104897,-0.3921181,-10.0121,-0.06260729,0.8458393,-10.97,-0.9666651,-1.424,-10.24294,-0.634,-2.444,-9.924096,1.086,
-0.354267,-9.468956,-0.3134636,-0.4077507,-10.01381,-0.06634152,0.8458393,-10.97,-0.9666651,-1.424,-10.24189,-0.634,-2.444,-9.924547,1.086,
-0.3562695,-9.469435,-0.3187865,-0.4217819,-10.01593,-0.06924498,0.8458393,-10.97,-0.9666651,-1.424,-10.24086,-0.634,-2.444,-9.924896,1.086,
-0.3569628,-9.469479,-0.3204004,-0.436215,-10.01644,-0.06910467,0.8458393,-10.97,-0.9666651,-1.424,-10.23984,-0.634,-2.444,-9.92514,1.086,
-0.357443,-9.46987,-0.3229771,-0.4531246,-10.01453,-0.06258965,0.8458393,-10.97,-0.9666651,-1.424,-10.23885,-0.634,-2.444,-9.925277,1.086,
-0.3571957,-9.471223,-0.3243212,-0.4702512,-10.01186,-0.05489266,0.8458393,-10.97,-0.9666651,-1.424,-10.23761,-0.634,-2.444,-9.925289,1.086,
-0.3566734,-9.472497,-0.3263677,-0.4836329,-10.00965,-0.05095148,0.8458393,-10.97,-0.9666651,-1.424,-10.23646,-0.634,-2.444,-9.925107,1.086,
-0.3585726,-9.474769,-0.3290881,-0.4956523,-10.00705,-0.05457211,0.8458393,-10.97,-0.9666651,-1.424,-10.23568,-0.634,-2.444,-9.924845,1.086,
-0.3582405,-9.475315,-0.3300663,-0.5035826,-10.00374,-0.06890559,0.8458393,-10.97,-0.9666651,-1.424,-10.23476,-0.634,-2.444,-9.924334,1.086,
-0.3570076,-9.475943,-0.3306274,-0.5061048,-10.00296,-0.08602393,0.8458393,-10.97,-0.9666651,-1.424,-10.234,-0.634,-2.444,-9.923647,1.086,
-0.3554012,-9.477106,-0.332512,-0.5055424,-10.00503,-0.1030831,0.8458393,-10.97,-0.9666651,-1.424,-10.23353,-0.634,-2.444,-9.923024,1.086,
-0.3546754,-9.477774,-0.3336385,-0.5049993,-10.00834,-0.1161466,0.8458393,-10.97,-0.9666651,-1.424,-10.23317,-0.634,-2.444,-9.922317,1.086,
-0.3532826,-9.478609,-0.3357384,-0.5054866,-10.01268,-0.124234,0.8458393,-10.97,-0.9666651,-1.424,-10.23285,-0.634,-2.444,-9.921256,1.086,
-0.3516113,-9.479265,-0.3380264,-0.5065018,-10.01687,-0.128073,0.8458393,-10.97,-0.9666651,-1.424,-10.23274,-0.634,-2.444,-9.920382,1.086,
-0.3504854,-9.479684,-0.3392674,-0.5071307,-10.02086,-0.1323866,0.8458393,-10.97,-0.9666651,-1.424,-10.23276,-0.634,-2.444,-9.919134,1.086,
-0.3485197,-9.480238,-0.3422109,-0.5061823,-10.02465,-0.1407037,0.8458393,-10.97,-0.9666651,-1.424,-10.2329,-0.634,-2.444,-9.918147,1.086,
-0.3473629,-9.480558,-0.3446206,-0.504027,-10.02712,-0.1521151,0.8458393,-10.97,-0.9666651,-1.424,-10.23315,-0.634,-2.444,-9.91713,1.086,
-0.3459388,-9.481428,-0.3469471,-0.5019094,-10.02845,-0.1636467,0.8458393,-10.97,-0.9666651,-1.424,-10.23364,-0.634,-2.444,-9.915744,1.086,
-0.3449565,-9.482015,-0.3484138,-0.5001761,-10.02978,-0.1744159,0.8458393,-10.97,-0.9666651,-1.424,-10.23413,-0.634,-2.444,-9.914697,1.086,
-0.344283,-9.482625,-0.3498451,-0.5003208,-10.03142,-0.1832168,0.8458393,-10.97,-0.9666651,-1.424,-10.23471,-0.634,-2.444,-9.913657,1.086,
-0.3426408,-9.483842,-0.3526499,-0.5015467,-10.03378,-0.1920115,0.8458393,-10.97,-0.9666651,-1.424,-10.23538,-0.634,-2.444,-9.912635,1.086,
-0.3416754,-9.484643,-0.3561093,-0.5024406,-10.03632,-0.1996847,0.8458393,-10.97,-0.9666651,-1.424,-10.23613,-0.634,-2.444,-9.911642,1.086,
-0.3413223,-9.484666,-0.3578068,-0.5032512,-10.03879,-0.2059801,0.8458393,-10.97,-0.9666651,-1.424,-10.23724,-0.634,-2.444,-9.910383,1.086,
-0.3409337,-9.485183,-0.3611965,-0.5040318,-10.04125,-0.2121162,0.8458393,-10.97,-0.9666651,-1.424,-10.23814,-0.634,-2.444,-9.9095,1.086,
-0.3409611,-9.485839,-0.3649658,-0.5044683,-10.04351,-0.218908,0.8458393,-10.97,-0.9666651,-1.424,-10.2391,-0.634,-2.444,-9.908681,1.086,
-0.3412074,-9.486921,-0.3679045,-0.5040146,-10.04505,-0.2254506,0.8458393,-10.97,-0.9666651,-1.424,-10.24043,-0.634,-2.444,-9.907703,1.086,
-0.3411225,-9.488091,-0.3691822,-0.5025753,-10.04714,-0.2305765,0.8458393,-10.97,-0.9666651,-1.424,-10.24146,-0.634,-2.444,-9.907066,1.086,
-0.342368,-9.490352,-0.3732117,-0.5004479,-10.04965,-0.2352653,0.8458393,-10.97,-0.9666651,-1.424,-10.24251,-0.634,-2.444,-9.90652,1.086,
-0.3432513,-9.491323,-0.3750974,-0.4982401,-10.05302,-0.2391697,0.8458393,-10.97,-0.9666651,-1.424,-10.24355,-0.634,-2.444,-9.906069,1.086,
-0.3451566,-9.493517,-0.3787212,-0.4928323,-10.05871,-0.243831,0.8458393,-10.97,-0.9666651,-1.424,-10.24493,-0.634,-2.444,-9.905626,1.086,
-0.3471965,-9.495337,-0.3822672,-0.4870099,-10.06405,-0.2477236,0.8458393,-10.97,-0.9666651,-1.424,-10.24594,-0.634,-2.444,-9.905417,1.086,
-0.3483988,-9.496261,-0.3839067,-0.4826554,-10.06843,-0.2524128,0.8458393,-10.97,-0.9666651,-1.424,-10.24691,-0.634,-2.444,-9.905317,1.086,
-0.3505567,-9.498307,-0.3870796,-0.4803044,-10.07085,-0.2579256,0.8458393,-10.97,-0.9666651,-1.424,-10.24813,-0.634,-2.444,-9.905354,1.086,
-0.3517483,-9.499127,-0.3885424,-0.4789675,-10.07288,-0.2623236,0.8458393,-10.97,-0.9666651,-1.424,-10.24898,-0.634,-2.444,-9.905509,1.086,
-0.3539573,-9.500369,-0.3911252,-0.4793943,-10.07452,-0.2669191,0.8458393,-10.97,-0.9666651,-1.424,-10.24976,-0.634,-2.444,-9.905771,1.086,
-0.3561479,-9.502004,-0.3935155,-0.4802569,-10.0753,-0.2708727,0.8458393,-10.97,-0.9666651,-1.424,-10.25047,-0.634,-2.444,-9.906137,1.086,
-0.3571447,-9.502877,-0.3947599,-0.4793774,-10.07513,-0.2743078,0.8458393,-10.97,-0.9666651,-1.424,-10.25127,-0.634,-2.444,-9.906782,1.086,
-0.3590604,-9.504569,-0.3970912,-0.479004,-10.07571,-0.2769352,0.8458393,-10.97,-0.9666651,-1.424,-10.25161,-0.634,-2.444,-9.907167,1.086,
-0.8486047,-9.505673,-0.7529635,-0.9681478,-10.07684,-0.6332017,0.3573836,-10.97,-1.321326,-1.424,-10.25204,-0.634,-2.444,-9.907819,1.086,
-0.8510854,-9.507892,-0.7555567,-0.9693511,-10.07802,-0.6338335,0.3573836,-10.97,-1.321326,-1.424,-10.25246,-0.634,-2.444,-9.908814,1.086,
-0.8536782,-9.510321,-0.7579213,-0.9712446,-10.07956,-0.6337954,0.3573836,-10.97,-1.321326,-1.424,-10.25264,-0.634,-2.444,-9.909644,1.086,
-0.8553371,-9.511672,-0.7594441,-0.9740865,-10.08154,-0.6337565,0.3573836,-10.97,-1.321326,-1.424,-10.25272,-0.634,-2.444,-9.910847,1.086,
-0.8580055,-9.513917,-0.7618722,-0.9762726,-10.08321,-0.6342998,0.3573836,-10.97,-1.321326,-1.424,-10.25265,-0.634,-2.444,-9.911806,1.086,
-0.8597918,-9.514979,-0.7630907,-0.9787683,-10.08443,-0.6346563,0.3573836,-10.97,-1.321326,-1.424,-10.25248,-0.634,-2.444,-9.912805,1.086,
-0.8631802,-9.516995,-0.7648388,-0.9807866,-10.08619,-0.6359991,0.3573836,-10.97,-1.321326,-1.424,-10.25219,-0.634,-2.444,-9.913831,1.086,
-0.8668499,-9.519702,-0.7661698,-0.9837472,-10.08756,-0.6371391,0.3573836,-10.97,-1.321326,-1.424,-10.2518,-0.634,-2.444,-9.914872,1.086,
-0.8688498,-9.521417,-0.7667308,-0.9851122,-10.0894,-0.6396999,0.3573836,-10.97,-1.321326,-1.424,-10.25113,-0.634,-2.444,-9.916267,1.086,
-0.8730624,-9.526343,-0.7656007,-0.987253,-10.09196,-0.6418651,0.3573836,-10.97,-1.321326,-1.424,-10.25052,-0.634,-2.444,-9.917302,1.086,
-0.875581,-9.529337,-0.7654907,-0.9920025,-10.09497,-0.6429265,0.3573836,-10.97,-1.321326,-1.424,-10.24982,-0.634,-2.444,-9.918316,1.086,
-0.8806057,-9.534188,-0.7638481,-0.999402,-10.09771,-0.6418355,0.3573836,-10.97,-1.321326,-1.424,-10.24905,-0.634,-2.444,-9.919296,1.086,
-0.8840199,-9.535512,-0.7638843,-1.009442,-10.09974,-0.6388315,0.3573836,-10.97,-1.321326,-1.424,-10.24849,-0.634,-2.444,-9.919926,1.086,
-0.887243,-9.536286,-0.7625158,-1.021498,-10.1002,-0.6354285,0.3573836,-10.97,-1.321326,-1.424,-10.24761,-0.634,-2.444,-9.920828,1.086,
-0.8960619,-9.537589,-0.760402,-1.037543,-10.09708,-0.63581,0.3573836,-10.97,-1.321326,-1.424,-10.24667,-0.634,-2.444,-9.921669,1.086,
-0.9023116,-9.538799,-0.7604749,-1.052307,-10.09637,-0.6300739,0.3573836,-10.97,-1.321326,-1.424,-10.24569,-0.634,-2.444,-9.922441,1.086,
-0.9168277,-9.543019,-0.7603999,-1.070136,-10.09428,-0.6242721,0.3573836,-10.97,-1.321326,-1.424,-10.24467,-0.634,-2.444,-9.923135,1.086,
-0.9234407,-9.54569,-0.7591307,-1.090056,-10.09081,-0.6178828,0.3573836,-10.97,-1.321326,-1.424,-10.24364,-0.634,-2.444,-9.923742,1.086,
-0.9367576,-9.551726,-0.7554827,-1.109856,-10.08703,-0.6118937,0.3573836,-10.97,-1.321326,-1.424,-10.24259,-0.634,-2.444,-9.924257,1.086,
-0.9435,-9.554385,-0.7537341,-1.129029,-10.08395,-0.606063,0.3573836,-10.97,-1.321326,-1.424,-10.24189,-0.634,-2.444,-9.924547,1.086,
-0.9507785,-9.557026,-0.7525892,-1.148011,-10.08144,-0.5991681,0.3573836,-10.97,-1.321326,-1.424,-10.24086,-0.634,-2.444,-9.924896,1.086,
-0.9661329,-9.562634,-0.7500379,-1.167407,-10.079,-0.5932617,0.3573836,-10.97,-1.321326,-1.424,-10.23984,-0.634,-2.444,-9.92514,1.086,
-0.9736769,-9.565639,-0.7485453,-1.185225,-10.0783,-0.5902932,0.3573836,-10.97,-1.321326,-1.424,-10.23885,-0.634,-2.444,-9.925277,1.086,
-0.9894924,-9.57195,-0.7476878,-1.202632,-10.07919,-0.5886384,0.3573836,-10.97,-1.321326,-1.424,-10.23791,-0.634,-2.444,-9.925304,1.086,
-0.9958105,-9.575462,-0.7459073,-1.217736,-10.08185,-0.5870343,0.3573836,-10.97,-1.321326,-1.424,-10.23702,-0.634,-2.444,-9.925222,1.086,
-1.002829,-9.578555,-0.7451078,-1.234108,-10.08686,-0.5864106,0.3573836,-10.97,-1.321326,-1.424,-10.23646,-0.634,-2.444,-9.925107,1.086,
-1.017385,-9.585186,-0.7427602,-1.251411,-10.09392,-0.58548,0.3573836,-10.97,-1.321326,-1.424,-10.23568,-0.634,-2.444,-9.924845,1.086,
-1.025422,-9.589338,-0.7415917,-1.270098,-10.10102,-0.5836302,0.3573836,-10.97,-1.321326,-1.424,-10.23498,-0.634,-2.444,-9.924479,1.086,
-1.034542,-9.601265,-0.7266726,-1.286557,-10.10689,-0.5815693,0.3573836,-10.97,-1.321326,-1.424,-10.23417,-0.634,-2.444,-9.923834,1.086,
-1.043644,-9.605474,-0.7281449,-1.303793,-10.11446,-0.5788814,0.3573836,-10.97,-1.321326,-1.424,-10.23368,-0.634,-2.444,-9.923241,1.086,
-1.057503,-9.616568,-0.7266278,-1.320574,-10.12395,-0.5777237,0.3573836,-10.97,-1.321326,-1.424,-10.23328,-0.634,-2.444,-9.922562,1.086,
-1.068799,-9.625212,-0.7247758,-1.334938,-10.13327,-0.5776265,0.3573836,-10.97,-1.321326,-1.424,-10.23299,-0.634,-2.444,-9.921802,1.086,
-1.073524,-9.62895,-0.7235829,-1.347737,-10.14437,-0.5772711,0.3573836,-10.97,-1.321326,-1.424,-10.2328,-0.634,-2.444,-9.920972,1.086,
-1.082577,-9.636067,-0.721843,-1.360605,-10.15581,-0.5756171,0.3573836,-10.97,-1.321326,-1.424,-10.23273,-0.634,-2.444,-9.920079,1.086,
-1.092823,-9.644537,-0.7198936,-1.372571,-10.16495,-0.5738413,0.3573836,-10.97,-1.321326,-1.424,-10.23279,-0.634,-2.444,-9.918809,1.086,
-1.097332,-9.648042,-0.7188609,-1.382098,-10.17207,-0.5726664,0.3573836,-10.97,-1.321326,-1.424,-10.23297,-0.634,-2.444,-9.917811,1.086,
-1.10571,-9.654197,-0.71681,-1.392524,-10.18002,-0.5723197,0.3573836,-10.97,-1.321326,-1.424,-10.23325,-0.634,-2.444,-9.916785,1.086,
-1.109807,-9.657022,-0.7153516,-1.403301,-10.18719,-0.5716138,0.3573836,-10.97,-1.321326,-1.424,-10.23364,-0.634,-2.444,-9.915744,1.086,
-1.116617,-9.662231,-0.7130167,-1.411555,-10.19301,-0.5709308,0.3573836,-10.97,-1.321326,-1.424,-10.23413,-0.634,-2.444,-9.914697,1.086,
-1.120057,-9.664761,-0.7121772,-1.419268,-10.19869,-0.570145,0.3573836,-10.97,-1.321326,-1.424,-10.23471,-0.634,-2.444,-9.913657,1.086,
-1.126888,-9.67089,-0.7106774,-1.426678,-10.20464,-0.5685173,0.3573836,-10.97,-1.321326,-1.424,-10.23538,-0.634,-2.444,-9.912635,1.086,
-1.129787,-9.673413,-0.7099075,-1.43206,-10.20829,-0.5669618,0.3573836,-10.97,-1.321326,-1.424,-10.23613,-0.634,-2.444,-9.911642,1.086,
-1.133811,-9.67704,-0.7084538,-1.437796,-10.21039,-0.5649132,0.3573836,-10.97,-1.321326,-1.424,-10.23695,-0.634,-2.444,-9.91069,1.086,
-1.135333,-9.678041,-0.7075734,-1.443556,-10.21005,-0.5638462,0.3573836,-10.97,-1.321326,-1.424,-10.23784,-0.634,-2.444,-9.909788,1.086,
-1.136934,-9.678399,-0.7061316,-1.447629,-10.20823,-0.5640684,0.3573836,-10.97,-1.321326,-1.424,-10.23878,-0.634,-2.444,-9.908947,1.086,
-1.137633,-9.678225,-0.7055368,-1.452888,-10.20542,-0.5660375,0.3573836,-10.97,-1.321326,-2.444,-9.908175,1.086,
-1.137848,-9.678965,-0.7027493,-1.457777,-10.20041,-0.567976,0.3573836,-10.97,-1.321326,-2.444,-9.907269,1.086,
-1.135665,-9.675723,-0.7007606,-1.454607,-10.18973,-0.5662954,0.3573836,-10.97,-1.321326,-2.444,-9.906069,1.086,
-1.131794,-9.668515,-0.6984136,-1.447038,-10.18112,-0.5641629,0.3573836,-10.97,-1.321326,-2.444,-9.905626,1.086,
-1.125358,-9.658972,-0.6959262,-1.433264,-10.17188,-0.5607663,0.3573836,-10.97,-1.321326,-2.444,-9.905373,1.086,
-1.118246,-9.648537,-0.6934943,-1.420391,-10.16368,-0.5550002,0.3573836,-10.97,-1.321326,-2.444,-9.905312,1.086,
-1.114505,-9.643277,-0.6922992,-1.404252,-10.15313,-0.5481563,0.3573836,-10.97,-1.321326,-2.444,-9.905394,1.086,
-1.107238,-9.631679,-0.6888875,-1.385572,-10.14017,-0.5418026,0.3573836,-10.97,-1.321326,-2.444,-9.905584,1.086,
-1.102737,-9.625319,-0.6865121,-1.362192,-10.12665,-0.5345004,0.3573836,-10.97,-1.321326,-2.444,-9.905882,1.086,
-1.093101,-9.61125,-0.6801093,-1.335282,-10.11413,-0.5259448,0.3573836,-10.97,-1.321326,-2.444,-9.906282,1.086,
-1.087285,-9.603499,-0.6761162,-1.302019,-10.10143,-0.514832,0.3573836,-10.97,-1.321326,-2.444,-9.906782,1.086,
-1.072235,-9.587719,-0.6641675,-1.26672,-10.09113,-0.5034323,0.3573836,-10.97,-1.321326,-2.444,-9.907375,1.086,
-1.065596,-9.5789,-0.660027,-1.224167,-10.08193,-0.4892205,0.3573836,-10.97,-1.321326,-2.444,-9.908054,1.086,
-1.051103,-9.562555,-0.6508458,-1.176724,-10.07436,-0.4703594,0.3573836,-10.97,-1.321326,-2.444,-9.909083,1.086,
-1.042847,-9.554023,-0.6463206,-1.128381,-10.06818,-0.4497823,0.3573836,-10.97,-1.321326,-2.444,-9.909936,1.086,
-1.023072,-9.536901,-0.6383607,-1.077238,-10.06319,-0.4250152,0.3573836,-10.97,-1.321326,-2.444,-9.910847,1.086,
-1.000642,-9.522187,-0.629868,-1.028242,-10.0598,-0.4023542,0.3573836,-10.97,-1.321326,-2.444,-9.911807,1.086,
-0.9881754,-9.515554,-0.6252612,-0.9823296,-10.05554,-0.3824942,0.3573836,-10.97,-1.321326,-2.444,-9.913144,1.086,
-0.962507,-9.502539,-0.6177717,-0.9375134,-10.0494,-0.3643608,0.3573836,-10.97,-1.321326,-2.444,-9.914177,1.086,
-0.9500532,-9.496359,-0.6144952,-0.8895929,-10.04138,-0.3472919,0.3573836,-10.97,-1.321326,-2.444,-9.914872,1.086,
-0.924902,-9.484742,-0.6085061,-0.8429754,-10.02849,-0.3347981,0.3573836,-10.97,-1.321326,-2.444,-9.915919,1.086,
-0.9120796,-9.479719,-0.605907,-0.8026454,-10.01435,-0.3263426,0.3573836,-10.97,-1.321326,-2.444,-9.917302,1.086,
-0.8864906,-9.471032,-0.603667,-0.7660546,-10.001,-0.3216178,0.3573836,-10.97,-1.321326,-2.444,-9.918316,1.086,
-0.8739381,-9.46765,-0.6034397,-0.7280672,-9.986547,-0.3202,0.3573836,-10.97,-1.321326,-2.444,-9.918974,1.086,
-0.8614388,-9.464567,-0.603436,-0.6931732,-9.974643,-0.3231741,0.3573836,-10.97,-1.321326,-2.444,-9.919926,1.086,
-0.8375747,-9.459502,-0.6047592,-0.6561711,-9.96329,-0.3287901,0.3573836,-10.97,-1.321326,-2.444,-9.920828,1.086,
-0.826416,-9.456831,-0.6060855,-0.6216331,-9.954966,-0.337992,0.3573836,-10.97,-1.321326,-2.444,-9.921669,1.086,
-0.8062196,-9.453081,-0.6091491,-0.5884328,-9.949309,-0.3503661,0.3573836,-10.97,-1.321326,-2.444,-9.922441,1.086,
-0.7968636,-9.452323,-0.6109366,-0.5558751,-9.945915,-0.365907,0.3573836,-10.97,-1.321326,-2.444,-9.923135,1.086,
-0.7805452,-9.451265,-0.614558,-0.5302808,-9.944785,-0.3799152,0.3573836,-10.97,-1.321326,-2.444,-9.923742,1.086,
-0.7734013,-9.450562,-0.6165845,-0.5067921,-9.94512,-0.3950201,0.3573836,-10.97,-1.321326,-2.444,-9.924257,1.086,
-0.7617702,-9.449886,-0.6199372,-0.4854617,-9.945295,-0.4099877,0.3573836,-10.97,-1.321326,-2.444,-9.924675,1.086,
-0.756393,-9.449482,-0.6206795,-0.4695268,-9.945434,-0.4221601,0.3573836,-10.97,-1.321326,-2.444,-9.92499,1.086,
-0.7469244,-9.448871,-0.6200252,-0.4513621,-9.945191,-0.4361933,0.3573836,-10.97,-1.321326,-2.444,-9.925199,1.086,
-0.7427828,-9.448951,-0.6193733,-0.4358399,-9.944824,-0.447537,0.3573836,-10.97,-1.321326,-2.444,-9.925299,1.086,
-0.7347987,-9.449186,-0.6159458,-0.4217925,-9.94397,-0.4562877,0.3573836,-10.97,-1.321326,-2.444,-9.925289,1.086,
-0.7304437,-9.449387,-0.6139498,-0.4083214,-9.942941,-0.4625708,0.3573836,-10.97,-1.321326,-2.444,-9.925171,1.086,
-0.7210965,-9.450156,-0.6101334,-0.3953376,-9.9415,-0.4668653,0.3573836,-10.97,-1.321326,-2.444,-9.924944,1.086,
-0.7159922,-9.450693,-0.608084,-0.3832207,-9.93844,-0.4677147,0.3573836,-10.97,-1.321326,-2.444,-9.924612,1.086,
-0.7056861,-9.452131,-0.6047184,-0.3699534,-9.934081,-0.4665273,0.3573836,-10.97,-1.321326,-2.444,-9.924178,1.086,
-0.7002234,-9.452827,-0.6028211,-0.3560472,-9.928378,-0.463122,0.3573836,-10.97,-1.321326,-2.444,-9.923647,1.086,
-0.6884925,-9.453484,-0.5987811,-0.341368,-9.920885,-0.4571682,0.3573836,-10.97,-1.321326,-2.444,-9.923024,1.086,
-0.6821723,-9.453441,-0.5963475,-0.3245015,-9.910365,-0.4488309,0.3573836,-10.97,-1.321326,-2.444,-9.922317,1.086,
-0.6680572,-9.453294,-0.5919912,-0.3040946,-9.896542,-0.4385798,0.3573836,-10.97,-1.321326,-2.444,-9.921256,1.086,
-0.6522238,-9.454223,-0.5882788,-0.2838578,-9.881752,-0.4274592,0.3573836,-10.97,-1.321326,-2.444,-9.920382,1.086,
-0.6360991,-9.455904,-0.5853419,-0.2608464,-9.863112,-0.4152827,0.3573836,-10.97,-1.321326,-2.444,-9.919455,1.086,
-0.6278126,-9.456395,-0.5836561,-0.2386405,-9.844028,-0.4031656,0.3573836,-10.97,-1.321326,-2.444,-9.918147,1.086,
-0.611887,-9.455774,-0.5799983,-0.217757,-9.82403,-0.3918776,0.3573836,-10.97,-1.321326,-2.444,-9.91713,1.086,
-0.5957191,-9.455448,-0.5756538,-0.1976128,-9.802947,-0.3808257,0.3573836,-10.97,-1.321326,-2.444,-9.915744,1.086,
-0.5888927,-9.455775,-0.573517,-0.1794758,-9.783678,-0.3709124,0.3573836,-10.97,-1.321326,-2.444,-9.914697,1.086,
-0.5750279,-9.455767,-0.5672253,-0.1621513,-9.764657,-0.3613477,0.3573836,-10.97,-1.321326,-2.444,-9.913657,1.086,
-0.5630753,-9.455031,-0.5596799,-0.1476562,-9.749587,-0.3534857,0.3573836,-10.97,-1.321326,-2.444,-9.9123,1.086,
-0.5572505,-9.454222,-0.5555382,-0.135596,-9.73777,-0.3460526,0.3573836,-10.97,-1.321326,-2.444,-9.91132,1.086,
-0.5483136,-9.454043,-0.5476513,-0.1267242,-9.729077,-0.3386032,0.3573836,-10.97,-1.321326,-2.444,-9.910383,1.086,
-0.5447645,-9.454612,-0.5438493,-0.1187973,-9.721726,-0.3296133,0.3573836,-10.97,-1.321326,-2.444,-9.90922,1.086,
-0.5393121,-9.456054,-0.5356903,-0.1115265,-9.715534,-0.3180755,0.3573836,-10.97,-1.321326,-2.444,-9.908424,1.086,
-0.5341816,-9.457928,-0.5261462,-0.1055067,-9.712635,-0.3075626,0.3573836,-10.97,-1.321326,-2.444,-9.907703,1.086,
-0.5318322,-9.458676,-0.5207696,-0.09988666,-9.710609,-0.2964784,0.3573836,-10.97,-1.321326,-2.444,-9.907066,1.086,
-0.5279336,-9.460782,-0.5087055,-0.09442902,-9.709332,-0.2835977,0.3573836,-10.97,-1.321326,-2.444,-9.906359,1.086,
-0.52597,-9.461802,-0.5018018,-0.09077644,-9.708913,-0.2691356,0.3573836,-10.97,-1.321326,-2.444,-9.905941,1.086,
-0.5210466,-9.464438,-0.4864687,-0.08717012,-9.708177,-0.2524527,0.3573836,-10.97,-1.321326,-2.444,-9.905626,1.086,
-0.5194879,-9.46588,-0.4782755,-0.08375192,-9.705637,-0.2331765,0.3573836,-10.97,-1.321326,-2.444,-9.905417,1.086,
-0.5149312,-9.468904,-0.4601928,-0.07972217,-9.701381,-0.2118647,0.3573836,-10.97,-1.321326,-2.444,-9.905317,1.086,
-0.5118318,-9.473104,-0.4414816,-0.0759747,-9.695725,-0.1903806,0.3573836,-10.97,-1.321326,-2.444,-9.905327,1.086,
-0.5095654,-9.475545,-0.4310468,-0.07028723,-9.688163,-0.1656109,0.3573836,-10.97,-1.321326,-2.444,-9.905445,1.086,
-0.5071254,-9.480095,-0.4098215,-0.06470418,-9.680088,-0.1412249,0.3573836,-10.97,-1.321326,-2.444,-9.905672,1.086,
-0.5061319,-9.481997,-0.3986223,-0.05915666,-9.67085,-0.1145227,0.3573836,-10.97,-1.321326,-2.444,-9.906137,1.086,
-0.5039396,-9.484698,-0.3747726,-0.05330086,-9.660794,-0.08620203,0.3573836,-10.97,-1.321326,-2.444,-9.906605,1.086,
-0.5007083,-9.487069,-0.351514,-0.05184436,-9.651836,-0.05938375,0.3573836,-10.97,-1.321326,-2.444,-9.907167,1.086,
-0.4988341,-9.487809,-0.3399524,-0.04610729,-9.640301,-0.0332222,0.3573836,-10.97,-1.321326,-2.444,-9.907819,1.086,
-0.4956958,-9.488598,-0.3189967,-0.03975487,-9.628378,-0.006680012,0.3573836,-10.97,-1.321326,-2.444,-9.908814,1.086,
-0.4917269,-9.487034,-0.3008729,-0.03409696,-9.616737,0.01755524,0.3573836,-10.97,-1.321326,-2.444,-9.909644,1.086,
-0.4901345,-9.485374,-0.293383,-0.02770758,-9.606407,0.03832293,0.3573836,-10.97,-1.321326,-2.444,-9.910537,1.086,
-0.4854846,-9.48186,-0.2779726,-0.02043152,-9.595214,0.05947483,0.3573836,-10.97,-1.321326,-2.444,-9.911807,1.086,
-0.4827495,-9.477498,-0.2634856,-0.01315951,-9.584656,0.07645535,0.3573836,-10.97,-1.321326,-2.444,-9.912805,1.086,
-0.4802403,-9.475147,-0.2496909,-0.005736589,-9.574298,0.09323192,0.3573836,-10.97,-1.321326,-2.444,-9.914177,1.086,
-0.4787328,-9.474202,-0.2428969,-0.0001997948,-9.566036,0.1070166,0.3573836,-10.97,-1.321326,-2.444,-9.915221,1.086,
-0.4766481,-9.472508,-0.2312351,0.004899502,-9.557883,0.1204891,0.3573836,-10.97,-1.321326,-2.444,-9.916614,1.086,
-0.4749241,-9.472074,-0.2256854,0.01055789,-9.550475,0.1334707,0.3573836,-10.97,-1.321326,-2.444,-9.917644,1.086,
-0.4704018,-9.473372,-0.2158977,0.01720381,-9.543541,0.1456649,0.3573836,-10.97,-1.321326,-2.444,-9.918647,1.086,
-0.4676876,-9.473659,-0.2111439,0.02353668,-9.537269,0.1566584,0.3573836,-10.97,-1.321326,-2.444,-9.919614,1.086,
-0.4618356,-9.474936,-0.2024018,0.03183508,-9.530666,0.1674266,0.3573836,-10.97,-1.321326,-2.444,-9.920533,1.086,
-0.4579029,-9.475348,-0.1976138,0.03973317,-9.526015,0.1767223,0.3573836,-10.97,-1.321326,-2.444,-9.921396,1.086,
-0.4495051,-9.476539,-0.1883258,0.04929566,-9.522189,0.1886904,0.3573836,-10.97,-1.321326,-2.444,-9.922192,1.086,
-0.4439154,-9.476962,-0.1836234,0.05923605,-9.519503,0.1997898,0.3573836,-10.97,-1.321326,-2.444,-9.922913,1.086,
-0.4312778,-9.478396,-0.1749676,0.07007313,-9.517775,0.2102064,0.3573836,-10.97,-1.321326,-2.444,-9.92355,1.086,
-0.4235983,-9.479072,-0.1706189,0.08163428,-9.516623,0.2215495,0.3573836,-10.97,-1.321326,-2.444,-9.924096,1.086,
-0.4072421,-9.480119,-0.1609229,0.09356427,-9.515489,0.2327071,0.3573836,-10.97,-1.321326,-2.444,-9.924547,1.086,
-0.3986506,-9.480183,-0.1555032,0.1056728,-9.513996,0.2428656,0.3573836,-10.97,-1.321326,-2.444,-9.924896,1.086,
-0.3810613,-9.479766,-0.1433008,0.1201701,-9.511875,0.2550418,0.3573836,-10.97,-1.321326,-2.444,-9.92514,1.086,
-0.3710103,-9.479506,-0.1366354,0.1362858,-9.509751,0.2687318,0.3573836,-10.97,-1.321326,-2.444,-9.925277,1.086,
-0.3505979,-9.479666,-0.1227783,0.1516237,-9.507237,0.2822576,0.3573836,-10.97,-1.321326,-2.444,-9.925304,1.086,
-0.3394322,-9.480081,-0.1156465,0.1673331,-9.504163,0.2962365,0.3573836,-10.97,-1.321326,-2.444,-9.925222,1.086,
-0.3160095,-9.482252,-0.1021522,0.1854277,-9.498992,0.3116971,0.3573836,-10.97,-1.321326,-2.444,-9.924944,1.086,
-0.2909636,-9.482846,-0.08808529,0.2010908,-9.494196,0.3239508,0.3573836,-10.97,-1.321326,-2.444,-9.924612,1.086,
-0.2789519,-9.481587,-0.08097756,0.2150586,-9.490704,0.3377771,0.3573836,-10.97,-1.321326,-2.444,-9.924178,1.086,
-0.2551167,-9.481027,-0.06733811,0.2257302,-9.488069,0.3532978,0.3573836,-10.97,-1.321326,-2.444,-9.923647,1.086,
-0.2441638,-9.481124,-0.06071508,0.238971,-9.485595,0.3674319,0.3573836,-10.97,-1.321326,-2.444,-9.923024,1.086,
-0.2241285,-9.481179,-0.04862773,0.2552829,-9.48285,0.3816098,0.3573836,-10.97,-1.321326,-2.444,-9.922317,1.086,
-0.2062469,-9.482453,-0.0375669,0.2672353,-9.480854,0.393939,0.3573836,-10.97,-1.321326,-2.444,-9.921256,1.086,
-0.1985152,-9.48236,-0.03224039,0.2779527,-9.4786,0.4066417,0.3573836,-10.97,-1.321326,-2.444,-9.920382,1.086,
-0.1842024,-9.481899,-0.02241671,0.2884927,-9.476536,0.418545,0.3573836,-10.97,-1.321326,-2.444,-9.919134,1.086,
-0.1721635,-9.481255,-0.01387978,0.2992513,-9.47434,0.4286647,0.3573836,-10.97,-1.321326,-2.444,-9.918147,1.086,
-0.1625345,-9.48037,-0.006241083,0.3099182,-9.47296,0.4389207,0.3573836,-10.97,-1.321326,-2.444,-9.91713,1.086,
-0.15907,-9.480124,-0.0028373,0.3184147,-9.471644,0.4482001,0.3573836,-10.97,-1.321326,-2.444,-9.915744,1.086,
-0.1488407,-9.477324,0.003345847,0.3248732,-9.470062,0.4557474,0.3573836,-10.97,-1.321326,-2.444,-9.914349,1.086,
-0.143137,-9.476826,0.008385539,0.3309546,-9.46771,0.4627206,0.3573836,-10.97,-1.321326,-2.444,-9.913314,1.086,
-0.1408412,-9.477442,0.01046181,0.3361663,-9.46616,0.4678335,0.3573836,-10.97,-1.321326,-2.444,-9.9123,1.086,
-0.1347153,-9.479908,0.01524675,0.3428421,-9.466761,0.4721234,0.3573836,-10.97,-1.321326,-2.444,-9.91132,1.086,
-0.1295617,-9.480941,0.02076757,0.349098,-9.468192,0.4770656,0.3573836,-10.97,-1.321326,-2.444,-9.910083,1.086,
-0.1263194,-9.480428,0.0244683,0.3547611,-9.46918,0.4833155,0.3573836,-10.97,-1.321326,-2.444,-9.90922,1.086,
-0.1183214,-9.480792,0.03163874,0.3619405,-9.468573,0.4890056,0.3573836,-10.97,-1.321326,-2.444,-9.908424,1.086,
-0.1134157,-9.481344,0.03540719,0.3708503,-9.46633,0.4950695,0.3573836,-10.97,-1.321326,-2.444,-9.907703,1.086,
-0.1037111,-9.482046,0.04317832,0.3793492,-9.46519,0.5052338,0.3573836,-10.97,-1.321326,-2.444,-9.907066,1.086,
-0.09880328,-9.482836,0.04792464,0.3891165,-9.465022,0.5160773,0.3573836,-10.97,-1.321326,-2.444,-9.906359,1.086,
-0.08694315,-9.485623,0.05844843,0.4030465,-9.46412,0.5263412,0.3573836,-10.97,-1.321326,-2.444,-9.905941,1.086,
-0.07213688,-9.4898,0.06983888,0.4151986,-9.462426,0.5349221,0.3573836,-10.97,-1.321326,-2.444,-9.905626,1.086,
-0.06453252,-9.490966,0.07654548,0.4254026,-9.459939,0.5456717,0.3573836,-10.97,-1.321326,-2.444,-9.905417,1.086,
-0.0462842,-9.493027,0.09090197,0.4347317,-9.456477,0.5595993,0.3573836,-10.97,-1.321326,-2.444,-9.905309,1.086,
-0.02773523,-9.495621,0.1045989,0.4494731,-9.452217,0.5726416,0.3573836,-10.97,-1.321326,-2.444,-9.905354,1.086,
-0.01934886,-9.496572,0.1112493,0.4634008,-9.448031,0.5829294,0.3573836,-10.97,-1.321326,-2.444,-9.905584,1.086,
-0.003841877,-9.498456,0.1243927,0.4752007,-9.442095,0.5929561,0.3573836,-10.97,-1.321326,-2.444,-9.905882,1.086,
0.01131344,-9.501209,0.1356766,0.4856561,-9.436551,0.6032195,0.3573836,-10.97,-1.321326,-2.444,-9.906282,1.086,
0.01880622,-9.502553,0.140632,0.4951928,-9.433036,0.6124177,0.3573836,-10.97,-1.321326,-2.444,-9.906782,1.086,
0.03227949,-9.505946,0.1500489,0.5050452,-9.431481,0.6205833,0.3573836,-10.97,-1.321326,-2.444,-9.907375,1.086,
0.03901029,-9.507055,0.154501,0.5163026,-9.432596,0.628183,0.3573836,-10.97,-1.321326,-2.444,-9.908054,1.086,
0.04996324,-9.508785,0.1619463,0.526023,-9.435361,0.635326,0.3573836,-10.97,-1.321326,-2.444,-9.909083,1.086,
0.05995989,-9.511532,0.1679385,0.5341527,-9.438931,0.6427401,0.3573836,-10.97,-1.321326,-2.444,-9.910233,1.086,
0.06781173,-9.513681,0.1735265,0.5425227,-9.442423,0.6493679,0.3573836,-10.97,-1.321326,-2.444,-9.911482,1.086,
0.07383871,-9.51426,0.1785655,0.5493631,-9.444344,0.6539814,0.3573836,-10.97,-1.321326,-2.444,-9.912469,1.086,
0.07634473,-9.514434,0.1806036,0.5556445,-9.445194,0.6562375,0.3573836,-10.97,-1.321326,-2.444,-9.913831,1.086,
0.08030128,-9.514852,0.1834778,0.5614445,-9.44698,0.6589158,0.3573836,-10.97,-1.321326,-2.444,-9.914872,1.086,
0.08248258,-9.515716,0.1849228,0.5649959,-9.448955,0.6614447,0.3573836,-10.97,-1.321326,-2.444,-9.916267,1.086,
0.08358216,-9.516346,0.1849278,0.5680828,-9.449037,0.6611181,0.3573836,-10.97,-1.321326,-2.444,-9.917644,1.086,
0.09708095,-9.514465,0.1812786,0.5696199,-9.44899,0.6588392,0.3573836,-10.97,-1.321326,-2.444,-9.918647,1.086,
0.09720159,-9.515,0.180261,0.569478,-9.449912,0.6560605,0.3573836,-10.97,-1.321326,-2.444,-9.919614,1.086,
0.09451008,-9.514755,0.1782275,0.5673189,-9.452459,0.6538267,0.3573836,-10.97,-1.321326,-2.444,-9.920828,1.086,
0.09269166,-9.514422,0.1771964,0.5634315,-9.457228,0.6522899,0.3573836,-10.97,-1.321326,-2.444,-9.921669,1.086,
0.08713579,-9.513505,0.1752411,0.5552883,-9.465053,0.6502123,0.3573836,-10.97,-1.321326,-2.444,-9.922441,1.086,
0.07707453,-9.511561,0.1725157,0.5401702,-9.474728,0.6442904,0.3573836,-10.97,-1.321326,-2.444,-9.923135,1.086,
0.07131743,-9.510183,0.1711453,0.5173974,-9.487864,0.6389362,0.3573836,-10.97,-1.321326,-2.444,-9.923924,1.086,
0.05660343,-9.506959,0.1682576,0.4888473,-9.505557,0.6346917,0.3573836,-10.97,-1.321326,-2.444,-9.924408,1.086,
0.04933262,-9.505147,0.1670537,0.4451035,-9.530109,0.6325009,0.3573836,-10.97,-1.321326,-2.444,-9.924791,1.086,
0.03342009,-9.501161,0.1645542,0.39815,-9.554853,0.6257151,0.3573836,-10.97,-1.321326,-2.444,-9.925071,1.086,
0.01535583,-9.498177,0.1594638,0.3406255,-9.590055,0.6116006,0.3573836,-10.97,-1.321326,-2.444,-9.925277,1.086,
0.005937576,-9.497019,0.156391,0.2849326,-9.628536,0.59688,0.3573836,-10.97,-1.321326,-2.444,-9.925304,1.086,
-0.01363993,-9.49539,0.1478173,0.2320158,-9.668624,0.5769662,0.3573836,-10.97,-1.321326,-2.444,-9.925222,1.086,
-0.02389765,-9.494712,0.1425124,0.1694746,-9.714725,0.5558043,0.3573836,-10.97,-1.321326,-2.444,-9.925032,1.086,
-0.04494882,-9.493543,0.1314615,0.1156719,-9.754527,0.5317749,0.3573836,-10.97,-1.321326,-2.444,-9.924734,1.086,
-0.05604434,-9.492722,0.1248835,0.0618391,-9.794686,0.5045829,0.3573836,-10.97,-1.321326,-2.444,-9.924334,1.086,
-0.07717466,-9.491051,0.111362,0.01395226,-9.830758,0.4763436,0.3573836,-10.97,-1.321326,-2.444,-9.923834,1.086,
-0.0872314,-9.490287,0.1033367,-0.02868247,-9.861099,0.4472399,0.3573836,-10.97,-1.321326,-2.444,-9.923241,1.086,
-0.1062155,-9.488072,0.08628285,-0.06948614,-9.88796,0.4188236,0.3573836,-10.97,-1.321326,-2.444,-9.922562,1.086,
-0.1158938,-9.486978,0.07764268,-0.1099796,-9.911106,0.3912547,0.3573836,-10.97,-1.321326,-2.444,-9.921802,1.086,
-0.1345878,-9.486152,0.06116545,-0.1498387,-9.93171,0.3654615,0.3573836,-10.97,-1.321326,-2.444,-9.920972,1.086,
-0.1513958,-9.486344,0.04554844,-0.1924877,-9.949533,0.3414254,0.3573836,-10.97,-1.321326,-2.444,-9.920079,1.086,
-0.1649466,-9.48696,0.03003156,-0.2370467,-9.962665,0.3215152,0.3573836,-10.97,-1.321326,-2.444,-9.918809,1.086,
-0.1708534,-9.487795,0.02221787,-0.2739863,-9.971235,0.3066427,0.3573836,-10.97,-1.321326,-2.444,-9.917472,1.086,
-0.1822803,-9.488586,0.007984042,-0.3092682,-9.978643,0.2902304,0.3573836,-10.97,-1.321326,-2.444,-9.916092,1.086,
-0.1931984,-9.486837,-0.004924417,-0.3404832,-9.983371,0.2780324,0.3573836,-10.97,-1.321326,-2.444,-9.915046,1.086,
-0.2035065,-9.485248,-0.01650798,-0.3653598,-9.984256,0.2688318,0.3573836,-10.97,-1.321326,-2.444,-9.913657,1.086,
-0.2079437,-9.4849,-0.02174294,-0.3852918,-9.984132,0.2623572,0.3573836,-10.97,-1.321326,-2.444,-9.912635,1.086,
-0.2154009,-9.485114,-0.03066981,-0.4009995,-9.984257,0.257743,0.3573836,-10.97,-1.321326,-2.444,-9.911642,1.086,
-0.2187328,-9.485814,-0.03466105,-0.4148846,-9.985598,0.2531408,0.3573836,-10.97,-1.321326,-2.444,-9.910383,1.086,
-0.2249889,-9.487071,-0.04086411,-0.4258776,-9.98939,0.2473763,0.3573836,-10.97,-1.321326,-2.444,-9.9095,1.086,
-0.230473,-9.486451,-0.04572988,-0.4321957,-9.995959,0.2422097,0.3573836,-10.97,-1.321326,-2.444,-9.908424,1.086,
-0.2360344,-9.48598,-0.04973829,-0.4368796,-9.999324,0.2384275,0.3573836,-10.97,-1.321326,-2.444,-9.907703,1.086,
-0.238662,-9.485704,-0.05161417,-0.4419098,-10.00111,0.2337718,0.3573836,-10.97,-1.321326,-2.444,-9.906874,1.086,
-0.2431211,-9.485197,-0.05410564,-0.4441211,-10.00434,0.230004,0.3573836,-10.97,-1.321326,-2.444,-9.906359,1.086,
-0.2460692,-9.485268,-0.05413473,-0.443717,-10.0084,0.2283243,0.3573836,-10.97,-1.321326,-2.444,-9.905941,1.086,
-0.2479291,-9.485819,-0.05336392,-0.443748,-10.01079,0.2271919,0.3573836,-10.97,-1.321326,-2.444,-9.905545,1.086,
-0.2490077,-9.485888,-0.05277121,-0.4436367,-10.01132,0.228007,0.3573836,-10.97,-1.321326,-2.444,-9.905339,1.086,
-0.2516007,-9.485974,-0.05171168,-0.4418921,-10.01285,0.2294806,0.3573836,-10.97,-1.321326,-2.444,-9.905312,1.086,
-1.664621,-9.48599,0.6623766,-1.849277,-10.01604,0.9435789,-1.052997,-10.97,-0.6079773,-2.444,-9.905394,1.086,
-1.66663,-9.486676,0.6632032,-1.844996,-10.02143,0.9436857,-1.052997,-10.97,-0.6079773,-2.444,-9.905672,1.086,
-1.668285,-9.48789,0.6641654,-1.837432,-10.02954,0.9420463,-1.052997,-10.97,-0.6079773,-2.444,-9.906137,1.086,
-1.669542,-9.488978,0.6660489,-1.82772,-10.03908,0.9403859,-1.052997,-10.97,-0.6079773,-2.350319,-9.903339,1.070203,
-1.67095,-9.489836,0.6683277,-1.817731,-10.04837,0.9381011,-1.052997,-10.97,-0.6079773,-2.263328,-9.900742,1.055534,
-1.6724,-9.491221,0.6704819,-1.808292,-10.05566,0.93556,-1.052997,-10.97,-0.6079773,-2.167558,-9.897882,1.039384,
-1.674032,-9.492861,0.6727697,-1.80081,-10.06145,0.9329483,-1.052997,-10.97,-0.6079773,-2.093712,-9.895676,1.026932,
-1.675653,-9.494576,0.6747301,-1.793002,-10.0678,0.9318963,-1.052997,-10.97,-0.6079773,-2.013047,-9.893267,1.01333,
-1.676665,-9.494761,0.6751607,-1.788041,-10.07218,0.9317973,-1.052997,-10.97,-0.6079773,-1.932244,-9.890853,0.999704,
-1.679388,-9.493572,0.6750955,-1.78591,-10.07384,0.9330842,-1.052997,-10.97,-0.6079773,-1.855095,-9.888549,0.9866945,
-1.683327,-9.493282,0.6753291,-1.787509,-10.07174,0.9358113,-1.052997,-10.97,-0.6079773,-1.777872,-9.886243,0.9736725,
-1.686121,-9.493724,0.6767055,-1.793733,-10.06299,0.9412265,-1.052997,-10.97,-0.6079773,-1.706463,-9.88411,0.9616309,
-1.686728,-9.494628,0.6780762,-1.802399,-10.04562,0.9528279,-1.052997,-10.97,-0.6079773,-1.625893,-9.881704,0.9480447,
-1.686324,-9.497416,0.6833529,-1.807824,-10.02317,0.9679365,-1.052997,-10.97,-0.6079773,-1.543583,-9.879246,0.9341649,
-1.684139,-9.500009,0.6920292,-1.805841,-10.00117,0.9829233,-1.052997,-10.97,-0.6079773,-1.476916,-9.877254,0.922923,
-1.682114,-9.501511,0.6962863,-1.800035,-9.987146,0.9909256,-1.052997,-10.97,-0.6079773,-1.40765,-9.875186,0.9112428,
-1.678857,-9.502888,0.7050275,-1.79367,-9.979321,0.9930555,-1.052997,-10.97,-0.6079773,-1.340214,-9.873172,0.8998713,
-1.676184,-9.502558,0.7095789,-1.785032,-9.97696,0.9904901,-1.052997,-10.97,-0.6079773,-1.278717,-9.871335,0.8895012,
-1.670712,-9.499894,0.7164232,-1.774479,-9.976018,0.985921,-1.052997,-10.97,-0.6079773,-1.210329,-9.869292,0.8779691,
-1.668186,-9.498488,0.7202399,-1.758856,-9.975995,0.9799187,-1.052997,-10.97,-0.6079773,-1.136976,-9.867102,0.8655998,
-1.660926,-9.495592,0.7274424,-1.739358,-9.977451,0.9778578,-1.052997,-10.97,-0.6079773,-1.055388,-9.864665,0.8518418,
-1.655825,-9.49359,0.7302191,-1.716403,-9.981745,0.9767391,-1.052997,-10.97,-0.6079773,-0.9906423,-9.862731,0.8409239,
-1.643031,-9.490112,0.7356319,-1.690524,-9.988684,0.974362,-1.052997,-10.97,-0.6079773,-0.930424,-9.860932,0.8307694,
-1.63615,-9.48831,0.7376034,-1.659981,-9.997972,0.9695137,-1.052997,-10.97,-0.6079773,-0.8699647,-9.859127,0.8205744,
-1.621688,-9.485834,0.7385589,-1.624894,-10.00897,0.9627207,-1.052997,-10.97,-0.6079773,-0.8065225,-9.857232,0.8098763,
-1.614985,-9.48562,0.7378621,-1.57842,-10.02488,0.9520014,-1.052997,-10.97,-0.6079773,-0.7422047,-9.855311,0.7990305,
-1.603004,-9.487129,0.736468,-1.53132,-10.04036,0.940193,-1.052997,-10.97,-0.6079773,-0.6663468,-9.853045,0.7862388,
-1.590893,-9.491783,0.7353025,-1.476244,-10.05407,0.9268144,-1.052997,-10.97,-0.6079773,-0.5834886,-9.850571,0.7722666,
-1.584322,-9.49473,0.7343292,-1.425608,-10.06382,0.911496,-1.052997,-10.97,-0.6079773,-0.5146233,-9.848514,0.7606541,
-1.570315,-9.500817,0.7293786,-1.372114,-10.07104,0.885613,-1.052997,-10.97,-0.6079773,-0.4396985,-9.846275,0.7480197,
-1.556489,-9.506321,0.7216113,-1.328593,-10.07463,0.8550611,-1.052997,-10.97,-0.6079773,-0.3662422,-9.844082,0.735633,
-1.549603,-9.508188,0.7170039,-1.292265,-10.07583,0.8185431,-1.052997,-10.97,-0.6079773,-0.2979376,-9.842042,0.724115,
-1.536482,-9.506859,0.7058312,-1.262131,-10.07843,0.7742504,-1.052997,-10.97,-0.6079773,-0.221694,-9.839765,0.7112583,
-1.523322,-9.500735,0.6943926,-1.242138,-10.08274,0.7311166,-1.052997,-10.97,-0.6079773,-0.1470463,-9.837535,0.6986706,
-1.517298,-9.497841,0.6882858,-1.230903,-10.09004,0.6892174,-1.052997,-10.97,-0.6079773,-0.06945086,-9.835217,0.6855859,
-1.506063,-9.49332,0.6761188,-1.222095,-10.09703,0.6529391,-1.052997,-10.97,-0.6079773,0.000582695,-9.833126,0.6737763,
-1.493284,-9.490425,0.6631359,-1.216781,-10.10554,0.620743,-1.052997,-10.97,-0.6079773,0.06936288,-9.831072,0.6621779,
-1.482561,-9.489095,0.6474441,-1.210152,-10.11445,0.5838369,-1.052997,-10.97,-0.6079773,0.1059999,-9.829977,0.656,
-1.472136,-9.488768,0.6304794,-1.203625,-10.12178,0.5465149,-1.052997,-10.97,-0.6079773,0.1059999,-9.829977,0.656,
-1.46735,-9.488983,0.6222292,-1.199826,-10.12646,0.5177107,-1.052997,-10.97,-0.6079773,0.1059999,-9.820395,0.656,
-1.457433,-9.488079,0.606177,-1.198348,-10.1298,0.4954246,-1.052997,-10.97,-0.6079773,0.1059999,-9.820888,0.656,
-1.452631,-9.489158,0.5884826,-1.197848,-10.13192,0.4739904,-1.052997,-10.97,-0.6079773,0.1059999,-9.821373,0.656,
-1.448829,-9.488675,0.5801349,-1.196662,-10.13133,0.4534524,-1.052997,-10.97,-0.6079773,0.1059999,-9.821953,0.656,
-1.44179,-9.487584,0.5632163,-1.19347,-10.12815,0.4342511,-1.052997,-10.97,-0.6079773,0.1059999,-9.82262,0.656,
-1.439377,-9.486359,0.5550523,-1.188555,-10.12295,0.4119497,-1.052997,-10.97,-0.6079773,0.1059999,-9.823369,0.656,
-1.436114,-9.484329,0.5402915,-1.183709,-10.11776,0.389997,-1.052997,-10.97,-0.6079773,0.1059999,-9.824478,0.656,
-1.435047,-9.483773,0.527723,-1.178566,-10.11258,0.3686008,-1.052997,-10.97,-0.6079773,0.1059999,-9.825381,0.656,
-1.43444,-9.483581,0.5231345,-1.175109,-10.10867,0.3515887,-1.052997,-10.97,-0.6079773,0.1059999,-9.826334,0.656,
-1.43298,-9.482366,0.5144231,-1.173065,-10.1059,0.3363742,-1.052997,-10.97,-0.6079773,0.1059999,-9.827328,0.656,
-1.432115,-9.481833,0.5077745,-1.170958,-10.1042,0.3252992,-1.052997,-10.97,-0.6079773,0.1059999,-9.828695,0.656,
-1.431737,-9.482055,0.505196,-1.165639,-10.09984,0.3197309,-1.052997,-10.97,-0.6079773,0.1059999,-9.82974,0.656,
-1.431514,-9.483139,0.5013711,-1.156083,-10.0905,0.3192529,-1.052997,-10.97,-0.6079773,0.1059999,-9.830786,0.656,
-1.430951,-9.484048,0.5004837,-1.143502,-10.07775,0.3238061,-1.052997,-10.97,-0.6079773,0.1059999,-9.832165,0.656,
-1.429218,-9.485952,0.4996006,-1.131757,-10.06475,0.3310959,-1.052997,-10.97,-0.6079773,0.1059999,-9.833173,0.656,
-1.428865,-9.486978,0.499188,-1.121646,-10.05246,0.3381066,-1.052997,-10.97,-0.6079773,0.1059999,-9.834146,0.656,
-1.428955,-9.487161,0.4991493,-1.114414,-10.04427,0.3419724,-1.052997,-10.97,-0.6079773,0.1059999,-9.835073,0.656,
-1.429137,-9.487229,0.4999881,-1.108705,-10.03938,0.3454801,-1.052997,-10.97,-0.6079773,0.1059999,-9.835944,0.656,
-1.430322,-9.487428,0.5009984,-1.104991,-10.03901,0.3493516,-1.052997,-10.97,-0.6079773,0.1059999,-9.837004,0.656,
-1.431001,-9.487292,0.5013966,-1.10386,-10.04093,0.3522597,-1.052997,-10.97,-0.6079773,0.1059999,-9.837708,0.656,
-1.432364,-9.48675,0.5026497,-1.103909,-10.04389,0.3542316,-1.052997,-10.97,-0.6079773,0.1059999,-9.838516,0.656,
-1.432704,-9.486309,0.5034623,-1.105856,-10.0473,0.3548282,-1.052997,-10.97,-0.6079773,0.1059999,-9.839013,0.656,
-1.433264,-9.485346,0.5051938,-1.110477,-10.05271,0.3546898,-1.052997,-10.97,-0.6079773,0.1059999,-9.839412,0.656,
0.06916451,-9.485,0.446377,0.3855643,-10.05919,0.2942409,0.4495791,-10.97,-0.6683204,0.1059999,-9.839781,0.656,
0.06844282,-9.485345,0.4473149,0.3793888,-10.06483,0.294849,0.4495791,-10.97,-0.6683204,0.1059999,-9.839933,0.656,
0.06787753,-9.485719,0.4474266,0.3726149,-10.07177,0.295602,0.4495791,-10.97,-0.6683204,0.1059999,-9.839976,0.656,
0.06727791,-9.485528,0.4480061,0.3653848,-10.07772,0.2959419,0.4495791,-10.97,-0.6683204,0.1059999,-9.839864,0.656,
0.06718588,-9.484797,0.4482583,0.3580475,-10.08379,0.294794,0.4495791,-10.97,-0.6683204,0.1059999,-9.839652,0.656,
0.0668726,-9.484691,0.4483086,0.3505929,-10.08946,0.2933519,0.4495791,-10.97,-0.6683204,0.1059999,-9.839207,0.656,
0.06554604,-9.485074,0.4489221,0.3436298,-10.09438,0.2926035,0.4495791,-10.97,-0.6683204,0.1059999,-9.838754,0.656,
0.06493282,-9.48557,0.4490172,0.3369381,-10.09869,0.2918561,0.4495791,-10.97,-0.6683204,0.1059999,-9.838204,0.656,
0.06365991,-9.486677,0.4492796,0.3295891,-10.1023,0.2912477,0.4495791,-10.97,-0.6683204,0.1059999,-9.837565,0.656,
0.06276083,-9.487185,0.4494867,0.3228042,-10.10516,0.2918414,0.4495791,-10.97,-0.6683204,0.1059999,-9.836843,0.656,
0.06081557,-9.487539,0.4498267,0.3164864,-10.10655,0.2926944,0.4495791,-10.97,-0.6683204,0.1059999,-9.836045,0.656,
0.05978274,-9.487655,0.4502572,0.3096831,-10.10788,0.2946765,0.4495791,-10.97,-0.6683204,0.1059999,-9.835181,0.656,
0.0574553,-9.48794,0.4519399,0.3034365,-10.1089,0.2984081,0.4495791,-10.97,-0.6683204,0.1059999,-9.83426,0.656,
0.05635595,-9.488354,0.4530762,0.2976201,-10.10963,0.3047153,0.4495791,-10.97,-0.6683204,0.1059999,-9.833292,0.656,
0.05352879,-9.489339,0.4567708,0.2925725,-10.1095,0.3124738,0.4495791,-10.97,-0.6683204,0.1059999,-9.832288,0.656,
0.05199003,-9.489827,0.459115,0.2874959,-10.10957,0.3235099,0.4495791,-10.97,-0.6683204,0.1059999,-9.831604,0.656,
0.05061889,-9.490023,0.4616458,0.2832646,-10.10895,0.3358236,0.4495791,-10.97,-0.6683204,0.1059999,-9.830564,0.656,
0.04738045,-9.490966,0.4668801,0.2790246,-10.10769,0.3499792,0.4495791,-10.97,-0.6683204,0.1059999,-9.829516,0.656,
0.04525971,-9.491796,0.4693095,0.2754786,-10.10401,0.3682341,0.4495791,-10.97,-0.6683204,0.1059999,-9.828475,0.656,
0.0400598,-9.493573,0.4741001,0.2729018,-10.0953,0.3912998,0.4495791,-10.97,-0.6683204,0.1059999,-9.82745,0.656,
0.03717685,-9.494328,0.4764116,0.2697878,-10.0833,0.4162483,0.4495791,-10.97,-0.6683204,0.1059999,-9.826452,0.656,
0.03292847,-9.494999,0.4814467,0.2648382,-10.06417,0.4467321,0.4495791,-10.97,-0.6683204,0.1059999,-9.825494,0.656,
0.0294826,-9.495378,0.4855945,0.2557144,-10.03227,0.4852403,0.4495791,-10.97,-0.6683204,0.1059999,-9.824293,0.656,
0.02483678,-9.49683,0.4879114,0.2411454,-9.985395,0.5291638,0.4495791,-10.97,-0.6683204,0.1059999,-9.823203,0.656,
0.02047324,-9.498355,0.4887643,0.2284822,-9.934498,0.5627809,0.4495791,-10.97,-0.6683204,0.1059999,-9.822472,0.656,
0.01862478,-9.498749,0.4889138,0.2139263,-9.892103,0.5867496,0.4495791,-10.97,-0.6683204,0.1059999,-9.821625,0.656,
0.01515198,-9.499052,0.488317,0.2023108,-9.858614,0.604229,0.4495791,-10.97,-0.6683204,0.1059999,-9.821095,0.656,
0.01346016,-9.499064,0.4877557,0.1938105,-9.829029,0.6190689,0.4495791,-10.97,-0.6683204,0.1059999,-9.820664,0.656,
0.0103128,-9.498116,0.4861483,0.1871333,-9.809544,0.6318559,0.4495791,-10.97,-0.6683204,0.1059999,-9.820334,0.656,
0.007791758,-9.496936,0.4854081,0.1810298,-9.794233,0.642463,0.4495791,-10.97,-0.6683204,0.1059999,-9.82006,0.656,
0.006836653,-9.49626,0.4852816,0.1764929,-9.781038,0.6501649,0.4495791,-10.97,-0.6683204,0.1059999,-9.81998,0.656,
0.005639076,-9.495185,0.4853002,0.1724272,-9.768452,0.6570261,0.4495791,-10.97,-0.6683204,0.1059999,-9.82001,0.656,
0.004478455,-9.494727,0.4845104,0.1701932,-9.759125,0.6618624,0.4495791,-10.97,-0.6683204,0.1059999,-9.820148,0.656,
0.003847599,-9.494367,0.4831311,0.1691551,-9.752397,0.6651178,0.4495791,-10.97,-0.6683204,0.1059999,-9.820501,0.656,
0.003780365,-9.49383,0.4816356,0.1713374,-9.750149,0.6676114,0.4495791,-10.97,-0.6683204,0.1059999,-9.821038,0.656,
0.003958941,-9.493532,0.4807603,0.1758358,-9.748065,0.6673794,0.4495791,-10.97,-0.6683204,0.1059999,-9.821556,0.656,
0.004934311,-9.492016,0.4792927,0.1831861,-9.744554,0.6636387,0.4495791,-10.97,-0.6683204,0.1059999,-9.822389,0.656,
0.005865812,-9.490239,0.4780383,0.1929824,-9.739584,0.6566761,0.4495791,-10.97,-0.6683204,0.1059999,-9.823111,0.656,
0.007473469,-9.4892,0.4769189,0.2048254,-9.733107,0.6470194,0.4495791,-10.97,-0.6683204,0.1059999,-9.823909,0.656,
0.008397579,-9.488544,0.4758403,0.2147911,-9.724236,0.6358925,0.4495791,-10.97,-0.6683204,0.1059999,-9.825073,0.656,
0.01037979,-9.487491,0.4734055,0.225347,-9.715489,0.6246238,0.4495791,-10.97,-0.6683204,0.1059999,-9.826012,0.656,
0.01132822,-9.487687,0.4708326,0.2348299,-9.708523,0.6141186,0.4495791,-10.97,-0.6683204,0.1059999,-9.827328,0.656,
0.005116463,-9.489995,0.4680268,0.2387507,-9.704189,0.6076294,0.4495791,-10.97,-0.6683204,0.1059999,-9.82835,0.656,
0.004214764,-9.489244,0.4675686,0.240119,-9.703437,0.6040278,0.4495791,-10.97,-0.6683204,0.1059999,-9.82974,0.656,
0.009453058,-9.488933,0.4685524,0.2384219,-9.705505,0.6029322,0.4495791,-10.97,-0.6683204,0.1059999,-9.830786,0.656,
0.009741545,-9.489475,0.4714178,0.2355223,-9.708018,0.602315,0.4495791,-10.97,-0.6683204,0.1059999,-9.831823,0.656,
0.00966692,-9.491236,0.474693,0.2340755,-9.711267,0.602159,0.4495791,-10.97,-0.6683204,0.1059999,-9.83284,0.656,
0.009117603,-9.492674,0.4756656,0.2319758,-9.715744,0.6029904,0.4495791,-10.97,-0.6683204,0.1059999,-9.833826,0.656,
0.007283926,-9.494753,0.4771268,0.2288439,-9.721464,0.6056831,0.4495791,-10.97,-0.6683204,0.1059999,-9.83477,0.656,
0.00415206,-9.495972,0.4777686,0.2271919,-9.728077,0.6090181,0.4495791,-10.97,-0.6683204,0.1059999,-9.835944,0.656,
0.002436161,-9.496027,0.4781294,0.2262845,-9.734955,0.6122203,0.4495791,-10.97,-0.6683204,0.1059999,-9.836751,0.656,
-0.002730846,-9.496535,0.4791061,0.2259188,-9.741637,0.6157305,0.4495791,-10.97,-0.6683204,0.1059999,-9.837482,0.656,
-0.005853653,-9.496659,0.4798145,0.2248857,-9.747355,0.6216757,0.4495791,-10.97,-0.6683204,0.1059999,-9.838132,0.656,
-0.01206779,-9.497253,0.4817201,0.2238922,-9.751797,0.6289427,0.4495791,-10.97,-0.6683204,0.1059999,-9.838859,0.656,
-0.01690602,-9.497104,0.4834631,0.22264,-9.757272,0.6386622,0.4495791,-10.97,-0.6683204,0.1059999,-9.83929,0.656,
-0.02139425,-9.497151,0.4841234,0.2215478,-9.763597,0.6504448,0.4495791,-10.97,-0.6683204,0.1059999,-9.839706,0.656,
-0.02354217,-9.497219,0.4839854,0.2195406,-9.768521,0.661395,0.4495791,-10.97,-0.6683204,0.1059999,-9.839894,0.656,
-0.02697754,-9.496927,0.484024,0.2180626,-9.773051,0.6705671,0.4495791,-10.97,-0.6683204,0.1059999,-9.839976,0.656,
